city,gu,dong,park_name,park_type,park_area,park_exercise_facility,park_entertainment_facility,park_benefit_facility,park_cultural_facility,park_facility_other
서울특별시,서초구,반포동,반포,근린공원,26092.2,0,0,0,0,0
서울특별시,서초구,양재동,방아다리1,근린공원,2870.8,0,0,0,0,0
서울특별시,서초구,양재동,방아다리2,근린공원,2934.3,0,0,0,0,0
서울특별시,서초구,양재동,양재천,근린공원,19258.0,0,0,0,0,0
서울특별시,서초구,양재동,마방,근린공원,6546.6,0,0,0,0,0
서울특별시,서초구,양재동,양재,근린공원,32523.4,0,0,0,0,0
서울특별시,서초구,서초동,용허리,근린공원,4641.9,0,0,0,0,0
서울특별시,서초구,서초동,명달,근린공원,5466.4,0,0,0,0,0
서울특별시,서초구,잠원동,사평리,근린공원,1913.7,0,0,0,0,0
서울특별시,서초구,잠원동,잠원,근린공원,2373.5,0,0,0,0,0
서울특별시,서초구,잠원동,신동,근린공원,6648.4,0,0,0,0,0
서울특별시,서초구,양재동,고인돌,근린공원,4579.0,0,0,0,0,0
서울특별시,서초구,양재동,바우뫼,근린공원,16386.1,0,0,0,0,0
서울특별시,서초구,서초동,서리풀,근린공원,548520.8,0,0,0,0,0
서울특별시,서초구,반포동,서래골,근린공원,4690.8,0,0,0,0,0
서울특별시,서초구,잠원동,명주,근린공원,4952.6,0,0,0,0,0
서울특별시,서초구,반포동,반딧불,근린공원,13606.8,0,0,0,0,0
서울특별시,서초구,반포동,원촌,근린공원,9941.7,0,0,0,0,0
서울특별시,서초구,우면동,태봉,근린공원,26555.7,0,0,0,0,0
서울특별시,서초구,우면동,섬들,근린공원,15590.3,0,0,0,0,0
서울특별시,서초구,우면동,망루,근린공원,56497.1,0,0,0,0,0
서울특별시,서초구,우면동,송동,근린공원,27472.8,0,0,0,0,0
서울특별시,서초구,양재동,말죽거리,근린공원,350200.0,0,0,0,0,0
서울특별시,서초구,방배동,방배,근린공원,228107.0,0,0,0,0,0
서울특별시,서초구,방배동,도구머리,근린공원,69578.4,0,0,0,0,0
서울특별시,서초구,방배동,방배동,근린공원,7003.0,0,0,0,0,0
서울특별시,서초구,방배동,뒷벌,어린이공원,5794.8,0,0,0,0,0
서울특별시,서초구,방배동,청두,어린이공원,1657.9,0,0,0,0,0
서울특별시,서초구,방배동,가꿀,어린이공원,993.5,0,0,0,0,0
서울특별시,서초구,방배동,까치,어린이공원,1015.3,0,0,0,0,0
서울특별시,서초구,방배동,새말,어린이공원,984.8,0,0,0,0,0
서울특별시,서초구,방배동,너른골,어린이공원,1216.0,0,0,0,0,0
서울특별시,서초구,방배동,정문,어린이공원,993.1,0,0,0,0,0
서울특별시,서초구,방배동,안산,어린이공원,1615.6,0,0,0,0,0
서울특별시,서초구,방배동,방현,어린이공원,1781.5,0,0,0,0,0
서울특별시,서초구,방배동,동덕,어린이공원,936.0,0,0,0,0,0
서울특별시,서초구,서초동,사도감,어린이공원,946.7,0,0,0,0,0
서울특별시,서초구,서초동,예술,어린이공원,1006.3,0,0,0,0,0
서울특별시,서초구,서초동,신중,어린이공원,974.9,0,0,0,0,0
서울특별시,서초구,서초동,장안,어린이공원,969.0,0,0,0,0,0
서울특별시,서초구,서초동,마산말,어린이공원,984.9,0,0,0,0,0
서울특별시,서초구,서초동,분토골,어린이공원,999.1,0,0,0,0,0
서울특별시,서초구,서초동,상명달,어린이공원,991.5,0,0,0,0,0
서울특별시,서초구,서초동,궁현,어린이공원,985.5,0,0,0,0,0
서울특별시,서초구,서초동,하명달,어린이공원,991.9,0,0,0,0,0
서울특별시,서초구,서초동,당골,어린이공원,1616.2,0,0,0,0,0
서울특별시,서초구,반포동,고무래,어린이공원,5506.9,0,0,0,0,0
서울특별시,서초구,잠원동,싸리재,어린이공원,991.9,0,0,0,0,0
서울특별시,서초구,잠원동,주흥,어린이공원,959.2,0,0,0,0,0
서울특별시,서초구,반포동,언구비,어린이공원,1031.9,0,0,0,0,0
서울특별시,서초구,반포동,청룡,어린이공원,945.1,0,0,0,0,0
서울특별시,서초구,반포동,서래,어린이공원,997.1,0,0,0,0,0
서울특별시,서초구,양재동,종열,어린이공원,847.8,0,0,0,0,0
서울특별시,서초구,우면동,암산,어린이공원,1506.0,0,0,0,0,0
서울특별시,서초구,우면동,잿말,어린이공원,2167.0,0,0,0,0,0
서울특별시,서초구,우면동,식유촌,어린이공원,1009.0,0,0,0,0,0
서울특별시,서초구,우면동,송동,어린이공원,1042.0,0,0,0,0,0
서울특별시,서초구,신원동,세원,어린이공원,1369.0,0,0,0,0,0
서울특별시,서초구,신원동,본마을,어린이공원,1234.0,0,0,0,0,0
서울특별시,서초구,신원동,청계숲,어린이공원,1470.0,0,0,0,0,0
서울특별시,서초구,신원동,새쟁이,어린이공원,1586.0,0,0,0,0,0
서울특별시,서초구,내곡동,안골,어린이공원,1192.0,0,0,0,0,0
서울특별시,서초구,내곡동,홍씨마을,어린이공원,1461.0,0,0,0,0,0
서울특별시,서초구,내곡동,아래샘,어린이공원,1059.0,0,0,0,0,0
서울특별시,서초구,내곡동,윗샘,어린이공원,1084.0,0,0,0,0,0
서울특별시,서초구,방배동,남태령,어린이공원,1328.0,0,0,0,0,0
서울특별시,서초구,양재동,양재,어린이공원,990.4,0,0,0,0,0
서울특별시,서초구,양재동,동산,어린이공원,1890.4,0,0,0,0,0
서울특별시,서초구,양재동,잔디,어린이공원,1664.3,0,0,0,0,0
서울특별시,서초구,양재동,계리,어린이공원,1057.9,0,0,0,0,0
서울특별시,서초구,반포동,나리,어린이공원,4155.0,0,0,0,0,0
서울특별시,서초구,반포동,만남,어린이공원,2965.0,0,0,0,0,0
서울특별시,서초구,반포동,푸른,어린이공원,1851.0,0,0,0,0,0
서울특별시,서초구,반포동,초롱,어린이공원,2575.0,0,0,0,0,0
서울특별시,서초구,반포동,한수,어린이공원,4400.0,0,0,0,0,0
서울특별시,서초구,반포동,파랑새,어린이공원,4188.3,0,0,0,0,0
서울특별시,서초구,잠원동,반원,어린이공원,6020.9,0,0,0,0,0
서울특별시,서초구,반포동,장미,어린이공원,4083.0,0,0,0,0,0
서울특별시,서초구,양재동,비석,어린이공원,1500.6,0,0,0,0,0
서울특별시,서초구,양재동,구룡,어린이공원,1651.3,0,0,0,0,0
서울특별시,서초구,서초동,교대,어린이공원,993.2,0,0,0,0,0
서울특별시,서초구,잠원동,코아,어린이공원,1717.0,0,0,0,0,0
서울특별시,서초구,반포동,미도,어린이공원,988.3,0,0,0,0,0
서울특별시,서초구,양재동,개뜰,어린이공원,1530.4,0,0,0,0,0
서울특별시,서초구,양재동,버들,어린이공원,1487.4,0,0,0,0,0
서울특별시,서초구,양재동,샛별,어린이공원,1500.1,0,0,0,0,0
서울특별시,서초구,양재동,두둑재,어린이공원,1703.8,0,0,0,0,0
서울특별시,서초구,양재동,횃불,어린이공원,1496.9,0,0,0,0,0
서울특별시,서초구,양재동,용말,어린이공원,1994.5,0,0,0,0,0
서울특별시,서초구,잠원동,새터,어린이공원,1100.0,0,0,0,0,0
서울특별시,서초구,잠원동,늘푸른,어린이공원,1600.0,0,0,0,0,0
서울특별시,서초구,잠원동,아름,어린이공원,1100.0,0,0,0,0,0
서울특별시,서초구,우면동,바우뫼,어린이공원,2023.7,0,0,0,0,0
서울특별시,서초구,우면동,동문,어린이공원,1515.2,0,0,0,0,0
서울특별시,서초구,우면동,효자,어린이공원,2481.0,0,0,0,0,0
서울특별시,서초구,내곡동,능안,어린이공원,1156.0,0,0,0,0,0
서울특별시,서초구,방배동,효령,어린이공원,1432.8,0,0,0,0,0
서울특별시,서초구,서초동,새싹,어린이공원,840.0,0,0,0,0,0
서울특별시,서초구,우면동,섶다리,어린이공원,1729.5,0,0,0,0,0
서울특별시,서초구,우면동,샛말,어린이공원,1644.7,0,0,0,0,0
서울특별시,서초구,방배동,햇님,어린이공원,2119.1,0,0,0,0,0
서울특별시,서초구,방배동,소라,어린이공원,1782.4,0,0,0,0,0
서울특별시,서초구,반포동,오솔길,어린이공원,2802.8,0,0,0,0,0
서울특별시,서초구,우면동,큰마을,어린이공원,1964.4,0,0,0,0,0
서울특별시,서초구,우면동,솔말,어린이공원,2720.0,0,0,0,0,0
서울특별시,서초구,방배동,달님,어린이공원,259.5,0,0,0,0,0
서울특별시,서초구,우면동,우면,수변공원,21609.1,0,0,0,0,0
서울특별시,양천구,신정동,신정3동소공원,소공원,3353.0,1,0,0,0,0
서울특별시,관악구,신원동,호박골,어린이공원,417.0,0,2,0,0,0
서울특별시,관악구,남현동,군아파트,어린이공원,926.0,0,2,0,0,0
서울특별시,관악구,남현동,상록,어린이공원,1557.0,0,3,0,0,0
서울특별시,관악구,남현동,남현,어린이공원,554.0,0,0,0,0,0
서울특별시,관악구,남현동,예촌,어린이공원,1509.0,0,3,1,0,0
서울특별시,관악구,신사동,남부,어린이공원,990.0,0,4,0,0,0
서울특별시,관악구,신림동,새들,어린이공원,979.0,0,4,0,0,0
서울특별시,관악구,신림동,색동,어린이공원,952.0,0,3,0,0,0
서울특별시,관악구,청룡동,송학,어린이공원,1013.0,0,1,0,0,0
서울특별시,관악구,청룡동,비안,어린이공원,1661.0,0,4,0,0,0
서울특별시,관악구,신사동,새빛,어린이공원,875.0,0,2,0,0,0
서울특별시,관악구,청룡동,용담,어린이공원,646.0,0,4,0,0,0
서울특별시,관악구,청룡동,일선,어린이공원,1244.0,0,3,0,0,0
서울특별시,관악구,청룡동,청룡,어린이공원,853.0,0,3,0,0,0
서울특별시,관악구,삼성동,약수암,어린이공원,1680.0,0,2,0,0,0
서울특별시,관악구,청룡동,충효,어린이공원,3188.0,0,3,0,0,0
서울특별시,관악구,삼성동,해바라기,어린이공원,416.0,0,1,0,0,0
서울특별시,관악구,청룡동,영락,어린이공원,206.0,0,2,0,0,0
서울특별시,관악구,삼성동,양산,어린이공원,297.0,0,1,0,0,0
서울특별시,관악구,삼성동,합실,어린이공원,1297.0,0,3,0,0,0
서울특별시,관악구,남현동,남태령제2,소공원,1310.0,0,0,0,0,0
서울특별시,동작구,대방동,제비,어린이공원,1813.9,0,0,0,0,0
서울특별시,동작구,상도동,상도,근린공원,359342.8,0,0,0,0,0
서울특별시,동작구,노량진동,노량진,근린공원,416031.0,0,0,0,0,0
서울특별시,동작구,본동,용봉정,근린공원,80803.0,0,0,0,0,0
서울특별시,동작구,사당동,현충,근린공원,1106365.7,0,0,0,0,0
서울특별시,동작구,노량진동,사육신,역사공원,47832.0,0,0,0,0,0
서울특별시,동작구,상도동,꿈동산,어린이공원,613.8,0,0,0,0,0
서울특별시,동작구,상도1동,해님,어린이공원,876.0,0,0,0,0,0
서울특별시,동작구,사당동,삼일,근린공원,36660.0,0,0,0,0,0
서울특별시,동작구,신대방동,은하수,어린이공원,4726.0,0,0,0,0,0
서울특별시,동작구,상도동,장미,어린이공원,410.5,0,0,0,0,0
서울특별시,동작구,사당동,노루,어린이공원,337.0,0,0,0,0,0
서울특별시,동작구,사당동,새싹,어린이공원,780.0,0,0,0,0,0
서울특별시,동작구,사당동,꿈돌이,어린이공원,761.0,0,0,0,0,0
서울특별시,동작구,사당동,동산,어린이공원,466.1,0,0,0,0,0
서울특별시,동작구,사당동,토끼,어린이공원,821.7,0,0,0,0,0
서울특별시,동작구,대방동,참새,어린이공원,2982.7,0,0,0,0,0
서울특별시,동작구,신대방동,칸나,소공원,241.0,0,0,0,0,0
서울특별시,동작구,사당동,양지,어린이공원,568.0,0,0,0,0,0
서울특별시,동작구,상도동,새벽,어린이공원,496.0,0,0,0,0,0
서울특별시,동작구,상도동,옹달샘,어린이공원,445.0,0,0,0,0,0
서울특별시,동작구,동작동,동작주차,근린공원,42220.0,0,0,0,0,0
서울특별시,동작구,사당동,샛별,어린이공원,344.7,0,0,0,0,0
서울특별시,동작구,사당동,반달,어린이공원,182.0,0,0,0,0,0
서울특별시,동작구,사당동,늘푸른,어린이공원,1503.0,0,0,0,0,0
서울특별시,동작구,본동,본동,어린이공원,2195.5,0,0,0,0,0
서울특별시,동작구,사당동,개나리,어린이공원,454.0,0,0,0,0,0
서울특별시,동작구,신대방동,청명,어린이공원,1024.0,0,0,0,0,0
서울특별시,동작구,신대방동,해당화,어린이공원,374.0,0,0,0,0,0
서울특별시,동작구,흑석동,비계,소공원,298.4,0,0,0,0,0
서울특별시,동작구,상도동,태양,어린이공원,1514.5,0,0,0,0,0
서울특별시,동작구,흑석동,서달,소공원,254.8,0,0,0,0,0
서울특별시,동작구,사당동,까치,어린이공원,1604.3,0,0,0,0,0
서울특별시,동작구,동작동,희망,어린이공원,2654.3,0,0,0,0,0
서울특별시,동작구,사당동,남성,소공원,924.1,0,0,0,0,0
서울특별시,동작구,본동,충효,소공원,1081.8,0,0,0,0,0
서울특별시,동작구,상도동,꿈나무,어린이공원,1500.0,0,0,0,0,0
서울특별시,동작구,상도동,빙수골,소공원,822.0,0,0,0,0,0
서울특별시,동작구,상도동,국화원,소공원,757.0,0,0,0,0,0
서울특별시,동작구,상도동,흐리목,소공원,1869.7,0,0,0,0,0
서울특별시,동작구,흑석동,까망돌,어린이공원,1904.5,0,0,0,0,0
서울특별시,동작구,사당동,해밀,어린이공원,2392.0,0,0,0,0,0
서울특별시,동작구,상도동,영도,소공원,1737.0,0,0,0,0,0
서울특별시,동작구,상도동,나비,소공원,564.1,0,0,0,0,0
서울특별시,동작구,상도동,꽃담길,소공원,206.0,0,0,0,0,0
서울특별시,동작구,흑석동,흑석,소공원,442.0,0,0,0,0,0
서울특별시,금천구,가산동,골말,어린이공원,1485.0,0,2,1,0,2
서울특별시,금천구,가산동,무아래,어린이공원,1162.6,0,2,1,0,1
서울특별시,금천구,가산동,조마,어린이공원,1003.0,0,4,0,0,2
서울특별시,금천구,시흥동,금천폭포공원,근린공원,7650.0,0,0,0,1,1
서울특별시,금천구,독산동,독산근린공원,근린공원,18005.5,2,0,2,0,1
서울특별시,금천구,독산동,독산자연공원,근린공원,7650.0,2,0,3,0,0
서울특별시,금천구,시흥동,삼성산시민휴식공원,근린공원,10118.0,1,2,0,0,1
서울특별시,금천구,독산동,금천체육공원,근린공원,18083.0,3,4,3,0,1
서울특별시,금천구,시흥동,산기슭공원,근린공원,8412.0,1,1,1,0,1
서울특별시,금천구,독산동,감로천생태공원,근린공원,15000.0,2,0,0,0,1
서울특별시,종로구,무악동,무악공원,어린이공원,5136.0,0,0,1,0,0
서울특별시,종로구,명륜1가,명륜공원,어린이공원,1149.5,0,2,1,0,0
서울특별시,종로구,명륜3가,경학공원,어린이공원,3269.0,0,0,0,0,0
서울특별시,종로구,신문로1가,덕수공원,소공원,873.0,0,0,0,0,0
서울특별시,종로구,명륜3가,와룡공원,근린공원,204369.0,3,0,2,0,0
서울특별시,중구,정동,정동공원,근린공원,8230.0,0,0,1,0,0
서울특별시,중구,을지로5가,훈련원공원,근린공원,16735.0,1,0,1,0,0
서울특별시,중구,신당동,응봉공원,근린공원,107695.0,1,0,1,0,0
서울특별시,중구,충무로5가,묵정공원,어린이공원,3907.0,0,1,2,0,0
서울특별시,중구,황학동,황학공원,어린이공원,1087.0,0,1,2,0,0
서울특별시,중구,정동,배재공원,어린이공원,2877.0,0,0,1,1,0
서울특별시,중구,신당동,꿈누리공원,어린이공원,2569.0,0,1,0,0,0
서울특별시,중구,신당동,동화공원,어린이공원,3071.0,0,1,0,0,0
서울특별시,중구,순화동,순화어린이공원,어린이공원,1439.0,0,1,0,0,0
서울특별시,중구,정동,진달래공원,소공원,713.0,0,0,0,0,0
서울특별시,중구,만리동2가,만리2구역1공원,소공원,1204.2,0,0,0,0,0
서울특별시,중구,만리동2가,만리2구역2공원,소공원,3394.5,0,0,0,0,0
서울특별시,중구,만리동2가,손기정공원,체육공원,29682.0,3,1,2,0,0
서울특별시,중구,순화동,순화문화공원,문화공원,2103.0,0,0,0,0,0
서울특별시,동대문구,청량리동,청량,근린공원,242864.0,0,0,0,1,0
서울특별시,동대문구,신설동,우산각,어린이공원,5294.2,0,3,1,1,1
서울특별시,동대문구,용두동,느티나무,어린이공원,1719.0,0,0,0,0,0
서울특별시,동대문구,장안동,안골,어린이공원,1652.3,0,1,1,0,0
서울특별시,동대문구,장안동,마로니에,어린이공원,1656.2,0,1,0,0,0
서울특별시,동대문구,장안동,늘푸른,어린이공원,1653.1,0,3,0,0,0
서울특별시,동대문구,장안동,늘봄,어린이공원,1659.2,0,1,1,0,0
서울특별시,동대문구,장안동,한내,어린이공원,1617.2,0,4,1,0,0
서울특별시,동대문구,전농동,이삭,어린이공원,354.2,0,2,0,0,0
서울특별시,동대문구,답십리동,쉼터,어린이공원,1695.0,0,3,1,0,0
서울특별시,동대문구,장안동,장안,근린공원,14744.8,4,2,3,1,2
서울특별시,동대문구,장안동,장평,근린공원,15698.4,1,0,3,0,1
서울특별시,동대문구,장안동,미나리,어린이공원,1636.3,0,4,1,0,0
서울특별시,동대문구,장안동,장미,어린이공원,1652.8,0,4,0,0,0
서울특별시,동대문구,장안동,샛별,어린이공원,1652.9,0,3,0,0,0
서울특별시,동대문구,이문동,천장,어린이공원,1656.0,0,0,0,0,0
서울특별시,동대문구,청량리동,홍릉,근린공원,102920.0,1,2,4,1,0
서울특별시,동대문구,답십리동,답십리,근린공원,160419.1,2,0,3,0,0
서울특별시,동대문구,전농동,배봉산,근린공원,265582.0,2,5,3,1,4
서울특별시,동대문구,장안동,미리내,어린이공원,833.0,0,2,1,0,0
서울특별시,동대문구,장안동,이슬,어린이공원,336.0,0,2,1,0,0
서울특별시,동대문구,용두동,용머리,어린이공원,738.5,0,3,0,0,0
서울특별시,동대문구,장안동,장일,어린이공원,992.0,0,3,0,0,0
서울특별시,동대문구,휘경동,아름,어린이공원,1116.0,0,1,0,0,0
서울특별시,동대문구,이문동,독구말,어린이공원,973.0,0,3,0,0,0
서울특별시,동대문구,답십리동,동산,어린이공원,1359.2,0,4,1,0,0
서울특별시,동대문구,휘경동,보림,어린이공원,1592.0,0,1,0,0,0
서울특별시,동대문구,용두동,용두희망,어린이공원,1422.0,0,4,0,0,0
서울특별시,동대문구,제기동,방아다리,어린이공원,1537.0,0,2,0,0,0
서울특별시,동대문구,용두동,용두,근린공원,17182.0,0,2,1,1,3
서울특별시,동대문구,전농동,활터(가칭),근린공원,5408.0,0,2,2,0,1
서울특별시,동대문구,답십리동,새샘(가칭),근린공원,9052.0,0,3,2,0,2
서울특별시,동대문구,답십리동,장령당,소공원,1424.0,0,0,1,0,0
서울특별시,동대문구,휘경동,휘봉,어린이공원,1398.0,0,2,0,0,0
서울특별시,동대문구,답십리동,꿈동산,어린이공원,1570.7,0,4,0,0,0
서울특별시,동대문구,회기동,작은언덕,소공원,400.0,0,0,0,0,0
서울특별시,동대문구,전농동,아름드리,어린이공원,2626.5,0,4,0,0,0
서울특별시,동대문구,제기동,선농단,역사공원,3933.0,0,0,0,0,0
서울특별시,동대문구,휘경동,내길,소공원,514.9,0,0,0,0,0
서울특별시,동대문구,휘경동,진달래,어린이공원,2345.0,0,2,0,0,0
서울특별시,동대문구,용두동,용두4구역,소공원,1763.2,0,0,0,0,0
서울특별시,영등포구,당산동4가,이음소공원,소공원,732.0,1,0,1,0,0
서울특별시,영등포구,도림동,고추말어린이공원,어린이공원,3071.0,1,1,2,0,0
서울특별시,영등포구,당산동4가,새말소공원,소공원,1642.0,1,0,1,0,0
서울특별시,영등포구,영등포동2가,중마루근린공원,근린공원,6456.0,1,0,2,0,0
서울특별시,영등포구,영등포동,중앙어린이공원,어린이공원,3671.0,1,1,2,0,0
서울특별시,영등포구,문래동3가,문래근린공원,근린공원,23611.0,2,1,2,0,0
서울특별시,영등포구,당산동5가,당산나루소공원,소공원,1339.0,1,0,2,0,0
서울특별시,영등포구,영등포동8가,서강어린이공원,어린이공원,1797.0,1,1,2,0,0
서울특별시,도봉구,창동,월천근린공원,근린공원,10712.0,2,2,2,0,1
서울특별시,도봉구,창동,초안산근린공원,근린공원,664905.0,6,0,4,1,2
서울특별시,성동구,옥수동,달맞이,근린공원,63411.43,2,2,1,0,0
서울특별시,성동구,하왕십리동,무학봉,근린공원,28843.0,3,0,1,0,0
서울특별시,성동구,용답동,용답휴식,근린공원,6046.9,3,0,1,0,0
서울특별시,성동구,마장동,동마장,어린이공원,1090.9,1,2,1,0,0
서울특별시,성동구,응봉동,응봉새말,어린이공원,311.0,0,2,0,0,0
서울특별시,성동구,사근동,사근,어린이공원,496.0,1,2,0,0,0
서울특별시,성동구,마장동,마장,어린이공원,911.0,1,3,0,0,0
서울특별시,성동구,응봉동,응봉개나리,어린이공원,462.0,0,3,0,0,0
서울특별시,성동구,마장동,서마장,어린이공원,350.3,0,1,0,0,0
서울특별시,성동구,송정동,송정,어린이공원,236.4,0,2,0,0,0
서울특별시,성동구,하왕십리동,미소,어린이공원,3411.0,1,2,0,0,0
서울특별시,성동구,응봉동,응삼,어린이공원,1646.7,1,3,0,0,0
서울특별시,성동구,마장동,보람,어린이공원,823.3,0,2,0,0,0
서울특별시,성동구,홍익동,도선,어린이공원,2332.5,1,1,0,0,0
서울특별시,성동구,행당동,살구골,어린이공원,1573.9,1,0,0,0,0
서울특별시,성동구,행당동,전관원,어린이공원,4760.0,1,2,0,0,0
서울특별시,성동구,송정동,장미,소공원,485.4,1,0,0,0,0
서울특별시,성동구,옥수동,옥정,소공원,711.76,1,0,0,0,0
서울특별시,성동구,옥수동,매봉,소공원,2006.7,1,0,0,0,0
서울특별시,성동구,하왕십리동,왕십리KCC스위첸,소공원,1514.1,1,0,0,0,0
서울특별시,성동구,성수동1가,트리마제,소공원,2762.8,0,0,0,0,0
서울특별시,성동구,하왕십리동,하왕1-5구역,소공원,1451.1,1,0,0,0,0
서울특별시,성동구,행당동,행당4구역,소공원,1235.0,0,0,0,0,0
서울특별시,강북구,우이동,무너미,어린이공원,380.0,0,1,0,0,0
서울특별시,강북구,우이동,솔밭근린공원,근린공원,34955.0,1,1,1,1,1
서울특별시,강북구,미아동,벽오산,어린이공원,1250.0,0,1,0,0,0
서울특별시,강북구,미아동,한빛,어린이공원,1192.1,0,1,1,0,0
서울특별시,강북구,미아동,운산,어린이공원,995.1,0,1,1,0,0
서울특별시,강북구,미아동,으뜸,어린이공원,681.0,0,1,0,0,0
서울특별시,강북구,미아동,세일,어린이공원,839.7,0,1,0,0,0
서울특별시,강북구,미아동,북한산도시자연공원,기타,128341.0,1,1,1,0,1
서울특별시,강북구,번동,오동근린공원,근린공원,1346557.0,4,1,1,1,1
서울특별시,강동구,고덕동,송림공원,근린공원,11491.0,2,0,1,0,0
서울특별시,강동구,상일동,상일공원,근린공원,9704.0,1,0,0,0,0
서울특별시,강동구,암사동,암사동공원,소공원,1022.0,0,0,0,0,0
서울특별시,강동구,강일동,다솜공원,어린이공원,3125.0,0,3,0,0,0
서울특별시,강동구,강일동,꽃보라공원,어린이공원,3185.0,0,2,0,0,0
서울특별시,강동구,강일동,윤슬공원,어린이공원,2591.0,0,3,0,0,0
서울특별시,강동구,강일동,꿈터공원,어린이공원,1804.0,0,3,0,0,0
서울특별시,강동구,강일동,강일공원,근린공원,34591.6,1,0,0,0,0
서울특별시,강동구,강일동,벌말공원,근린공원,86205.7,1,0,1,0,1
서울특별시,강동구,강일동,강덕공원,근린공원,46699.6,2,0,0,0,0
서울특별시,강동구,강일동,능골공원,근린공원,31464.2,2,0,0,0,0
서울특별시,강동구,강일동,구름공원,어린이공원,1540.0,0,3,0,0,0
서울특별시,강동구,둔촌동,일자산공원,근린공원,632733.0,3,1,5,0,2
서울특별시,강동구,상일동,명일공원,근린공원,649709.6,4,1,3,1,0
서울특별시,강동구,길동,달님공원,어린이공원,998.6,1,3,1,0,0
서울특별시,강동구,길동,무궁화공원,어린이공원,996.3,1,2,1,0,0
서울특별시,강동구,길동,희망공원,어린이공원,992.4,1,3,1,0,0
서울특별시,강동구,길동,성심공원,어린이공원,992.3,1,2,0,0,0
서울특별시,강동구,상일동,미리내공원,어린이공원,4286.2,2,0,0,0,0
서울특별시,강동구,상일동,동자공원,어린이공원,1520.8,1,0,0,0,0
서울특별시,강동구,상일동,게내공원,어린이공원,1500.0,1,1,1,0,0
서울특별시,강동구,상일동,까치공원,어린이공원,1965.8,2,2,0,0,0
서울특별시,강동구,상일동,하늬공원,어린이공원,2233.2,0,4,1,0,0
서울특별시,은평구,불광동,새장골어린이공원,어린이공원,992.0,0,5,1,0,0
서울특별시,은평구,대조동,대조어린이공원,어린이공원,4176.9,0,3,1,0,0
서울특별시,은평구,갈현동,길마어린이공원,어린이공원,1596.7,0,6,1,0,0
서울특별시,은평구,갈현동,좌월어린이공원,어린이공원,1398.3,0,5,1,0,0
서울특별시,은평구,갈현동,박석어린이공원,어린이공원,856.9,0,4,1,0,0
서울특별시,은평구,녹번동,새록어린이공원,어린이공원,956.0,0,3,1,0,0
서울특별시,은평구,녹번동,신록어린이공원,어린이공원,469.0,0,2,0,0,0
서울특별시,은평구,응암동,응암어린이공원,어린이공원,992.1,0,2,1,0,0
서울특별시,은평구,응암동,포수동어린이공원,어린이공원,987.8,0,6,1,0,0
서울특별시,은평구,응암동,참다래어린이공원,어린이공원,954.4,0,5,1,0,0
서울특별시,은평구,역촌동,역마을어린이공원,어린이공원,949.1,0,4,1,0,0
서울특별시,은평구,역촌동,역말어린이공원,어린이공원,966.3,0,6,1,0,0
서울특별시,은평구,역촌동,인조유기비어린이공원,어린이공원,1256.9,0,1,0,0,0
서울특별시,은평구,갈현동,궁말어린이공원,어린이공원,1190.0,0,4,0,0,0
서울특별시,은평구,신사동,새락골어린이공원,어린이공원,994.0,0,4,1,0,0
서울특별시,은평구,신사동,신흥어린이공원,어린이공원,937.9,0,5,1,0,0
서울특별시,은평구,증산동,시루뫼어린이공원,어린이공원,999.6,0,4,1,0,0
서울특별시,은평구,증산동,까치어린이공원,어린이공원,1005.0,0,4,1,0,0
서울특별시,은평구,역촌동,연서어린이공원,어린이공원,956.0,0,4,1,0,0
서울특별시,은평구,갈현동,서갈현어린이공원,어린이공원,1532.2,0,4,1,0,0
서울특별시,은평구,응암동,응암4동어린이공원,어린이공원,1526.0,0,1,0,0,0
서울특별시,은평구,구산동,역촌근린공원,근린공원,52500.0,1,0,0,0,0
서울특별시,은평구,구산동,구산근린공원,근린공원,32300.0,0,0,0,0,0
서울특별시,은평구,갈현동,갈곡리어린이공원,어린이공원,1738.7,0,4,1,1,0
서울특별시,은평구,증산동,분토골어린이공원,어린이공원,996.0,0,4,1,0,0
서울특별시,은평구,녹번동,녹번1-3지구어린이공원,어린이공원,5226.0,0,4,0,0,0
서울특별시,은평구,응암동,백련근린공원<시공원>,근린공원,316918.0,1,2,3,1,0
서울특별시,은평구,신사동,신사동공공공지,기타,1848.0,0,0,0,0,0
서울특별시,은평구,녹번동,호연어린이공원,어린이공원,528.0,0,3,0,0,0
서울특별시,은평구,녹번동,녹번서근린공원,근린공원,29945.0,0,0,2,2,1
서울특별시,은평구,녹번동,녹번동근린공원,근린공원,39373.0,0,0,0,0,0
서울특별시,은평구,신사동,신사근린공원<시공원>,근린공원,111650.0,2,1,1,1,1
서울특별시,은평구,구산동,봉산도시자연공원<시공원>,기타,1512881.0,6,4,2,1,1
서울특별시,은평구,진관동,진관근린공원<시공원>,근린공원,1313671.9,2,2,1,1,1
서울특별시,은평구,진관동,서오릉도시자연공원<시공원>,기타,1082847.0,3,1,2,3,1
서울특별시,은평구,불광동,불광근린공원<시공원>,근린공원,131471.0,2,0,2,1,0
서울특별시,은평구,진관동,향림근린공원<시공원>,근린공원,253629.0,4,1,2,1,1
서울특별시,은평구,녹번동,북한산도시자연공원<시공원>,기타,730342.0,3,1,1,1,1
서울특별시,은평구,수색동,수색마을마당,기타,387.0,0,1,0,0,0
서울특별시,은평구,역촌동,역촌동마을마당,기타,230.1,0,0,0,0,0
서울특별시,은평구,불광동,불광어린이공원,어린이공원,496.0,0,2,0,0,0
서울특별시,은평구,역촌동,역촌2동마을마당,기타,395.7,0,5,0,0,0
서울특별시,은평구,대조동,대조동청사옆마을마당,기타,130.3,0,0,0,0,0
서울특별시,은평구,응암동,다래어린이공원,어린이공원,584.9,0,4,0,0,0
서울특별시,은평구,구산동,구산동마을공원,기타,2811.0,0,3,1,0,0
서울특별시,은평구,구산동,구현초교앞마을마당,기타,541.0,0,0,1,0,0
서울특별시,은평구,구산동,구산초교앞마을마당,기타,135.0,0,1,0,0,0
서울특별시,은평구,구산동,구산동청사앞소공원,기타,335.9,0,0,0,0,0
서울특별시,은평구,구산동,구산동마을공원(확대),기타,157.0,0,0,0,0,0
서울특별시,은평구,응암동,응암2오손길마을마당,기타,139.0,0,0,0,0,0
서울특별시,은평구,대조동,팜스퀘어옆소공원,기타,268.8,0,0,0,0,0
서울특별시,은평구,진관동,은평뉴타운도시개발사업지구제3호근린공원,근린공원,4749.8,0,0,0,0,0
서울특별시,은평구,진관동,못자리골근린공원,근린공원,16176.1,0,0,0,0,0
서울특별시,은평구,진관동,덕수천근린공원,근린공원,5569.1,0,0,0,0,0
서울특별시,은평구,진관동,마고정근린공원,근린공원,4550.6,0,0,0,0,0
서울특별시,은평구,진관동,물푸레근린공원<시공원>,근린공원,147441.6,0,0,0,0,0
서울특별시,은평구,진관동,우물골근린공원,근린공원,7202.8,0,0,0,0,0
서울특별시,은평구,진관동,은평뉴타운도시개발사업지구제9호근린공원,근린공원,12018.2,1,0,0,0,0
서울특별시,은평구,진관동,마실길근린공원,근린공원,45170.5,0,0,0,0,0
서울특별시,은평구,불광동,시내어린이공원,어린이공원,659.0,0,4,0,0,0
서울특별시,은평구,불광동,가람어린이공원,어린이공원,249.0,0,1,0,0,0
서울특별시,은평구,불광동,관동어린이공원,어린이공원,331.0,0,2,0,0,0
서울특별시,은평구,신사동,개나리어린이공원,어린이공원,2896.0,0,1,0,0,0
서울특별시,은평구,신사동,아까시아어린이공원,어린이공원,982.0,0,0,0,0,0
서울특별시,은평구,구산동,거북이,소공원,250.0,0,0,0,0,0
서울특별시,은평구,불광동,요산,소공원,805.0,0,0,1,0,0
서울특별시,은평구,응암동,응암9구역,소공원,880.8,0,0,0,0,0
서울특별시,은평구,불광동,불광6구역,소공원,1919.0,0,0,0,0,0
서울특별시,은평구,불광동,불광7구역,소공원,3120.0,0,0,0,0,0
서울특별시,은평구,진관동,은평뉴타운도시개발사업지구내1호소공원,소공원,1087.8,0,0,0,0,0
서울특별시,은평구,응암동,응암3주택재개발구역내소공원,소공원,1641.6,0,0,0,0,0
서울특별시,은평구,진관동,금암문화공원(은평뉴타운제1호문화공원),문화공원,6857.1,0,6,1,2,1
서울특별시,은평구,진관동,은평뉴타운제2호문화공원,문화공원,55721.8,0,0,0,0,0
서울특별시,은평구,녹번동,은평평화공원,기타,5700.1,0,0,0,2,1
서울특별시,은평구,녹번동,도원극장옆마을마당,기타,48.8,0,0,0,0,0
서울특별시,은평구,녹번동,자투리토지녹번마을마당,기타,165.0,0,0,0,0,0
서울특별시,은평구,녹번동,녹번동마을마당,기타,754.0,0,2,0,0,0
서울특별시,은평구,구산동,구산마을마당,기타,387.0,0,2,0,0,0
서울특별시,은평구,대조동,대조마을마당,기타,183.5,0,0,0,0,0
서울특별시,서대문구,창천동,창천문화공원,문화공원,2326.9,0,0,1,0,0
서울특별시,서대문구,연희동,궁동근린공원,근린공원,126026.0,3,2,1,0,0
서울특별시,서대문구,북아현동,명수어린이공원,어린이공원,2269.0,1,5,0,0,0
서울특별시,서대문구,대현동,대현문화공원,문화공원,3063.9,0,0,1,1,0
서울특별시,서대문구,홍제동,문화촌어린이공원,어린이공원,1500.0,0,4,0,0,0
서울특별시,서대문구,홍제동,불천어린이공원,어린이공원,2006.0,1,3,0,0,0
서울특별시,서대문구,북가좌동,은가어린이공원,어린이공원,1312.0,1,2,0,0,0
서울특별시,서대문구,홍은동,백련근린공원,근린공원,993724.0,4,1,3,1,0
서울특별시,서대문구,연희동,동구물어린이공원,어린이공원,275.0,0,3,0,0,0
서울특별시,서대문구,연희동,궁뜰어린이공원,어린이공원,983.8,1,4,0,0,0
서울특별시,서대문구,연희동,궁말어린이공원,어린이공원,886.9,1,2,0,0,0
서울특별시,서대문구,연희동,대궐재어린이공원,어린이공원,971.9,1,5,0,0,0
서울특별시,서대문구,연희동,연희어린이공원,어린이공원,661.0,1,3,0,0,0
서울특별시,서대문구,북가좌동,신가어린이공원,어린이공원,993.4,1,2,0,0,0
서울특별시,서대문구,북가좌동,해담는어린이공원,어린이공원,793.0,0,4,1,0,0
서울특별시,서대문구,연희동,다람쥐어린이공원,어린이공원,595.0,1,3,0,0,0
서울특별시,서대문구,홍제동,모랫재어린이공원,어린이공원,529.0,0,3,0,0,0
서울특별시,서대문구,홍제동,상암곡어린이공원,어린이공원,294.0,0,2,0,0,0
서울특별시,서대문구,홍은동,홍남어린이공원,어린이공원,970.9,0,3,0,0,0
서울특별시,서대문구,홍은동,홍연어린이공원,어린이공원,965.1,1,5,1,0,0
서울특별시,서대문구,홍은동,백련어린이공원,어린이공원,985.8,1,2,0,0,0
서울특별시,서대문구,남가좌동,남이마을어린이공원,어린이공원,1397.6,0,0,0,0,0
서울특별시,서대문구,남가좌동,연남어린이공원,어린이공원,991.7,1,4,0,0,0
서울특별시,서대문구,홍은동,실락어린이공원,어린이공원,17452.0,2,0,0,0,0
서울특별시,서대문구,창천동,바람산어린이공원,어린이공원,627.1,0,5,0,0,0
서울특별시,서대문구,현저동,독립근린공원,근린공원,113021.7,3,2,4,7,0
서울특별시,서대문구,남가좌동,가좌어린이공원,어린이공원,1665.0,1,1,0,0,0
서울특별시,서대문구,남가좌동,개나리어린이공원,어린이공원,1653.0,1,5,1,0,0
서울특별시,서대문구,창천동,창천근린공원,근린공원,6322.0,2,0,1,0,0
서울특별시,서대문구,홍제동,홍제근린공원,근린공원,9888.0,2,3,0,0,0
서울특별시,서대문구,합동,기차길옆소공원,소공원,381.3,0,0,0,0,0
서울특별시,서대문구,영천동,독립문어린이공원,어린이공원,2600.0,1,0,1,0,0
서울특별시,서대문구,연희동,연서어린이공원,어린이공원,1582.0,1,5,0,0,0
서울특별시,서대문구,북가좌동,북가좌정원지구어린이공원,어린이공원,1869.0,1,2,0,0,0
서울특별시,서대문구,홍은동,홍은동어린이공원,어린이공원,1552.0,1,3,0,0,0
서울특별시,서대문구,홍제동,아름다운소공원,소공원,441.5,0,0,0,0,0
서울특별시,서대문구,북가좌동,중앙근린공원,근린공원,15466.0,3,0,2,0,0
서울특별시,서대문구,남가좌동,솟대어린이공원,어린이공원,1474.5,1,3,0,0,0
서울특별시,서대문구,북가좌동,나비울어린이공원,어린이공원,6757.0,1,3,1,0,0
서울특별시,서대문구,홍은동,홍은3소공원,소공원,747.0,0,0,0,0,0
서울특별시,서대문구,북가좌동,거꾸로어린이공원,어린이공원,1125.3,1,1,1,0,0
서울특별시,서대문구,홍제동,문화소공원,소공원,1456.0,1,0,0,0,0
서울특별시,서대문구,남가좌동,한울소공원,소공원,1006.0,0,0,0,0,0
서울특별시,서대문구,홍제동,무궁화소공원,소공원,672.0,1,0,0,0,0
서울특별시,서대문구,홍은동,하늘소공원(가칭),소공원,1375.0,1,0,0,0,0
서울특별시,서대문구,남가좌동,모래내어린이공원,어린이공원,1766.3,0,2,1,0,0
서울특별시,서대문구,남가좌동,가재울어린이공원,어린이공원,9508.0,2,2,1,0,0
서울특별시,서대문구,북아현동,북아현어린이공원,어린이공원,2357.2,1,2,1,0,0
서울특별시,서대문구,북아현동,한성어린이공원,어린이공원,2240.8,0,4,1,0,0
서울특별시,서대문구,북아현동,너른바위어린이공원,어린이공원,2592.2,1,5,1,0,0
서울특별시,송파구,가락동,가락,근린공원,27648.2,0,0,0,0,0
서울특별시,송파구,잠실동,개나리,근린공원,6669.1,0,0,0,0,0
서울특별시,송파구,가락동,개롱,근린공원,21544.4,0,0,0,0,0
서울특별시,송파구,거여동,거여,근린공원,16185.1,0,0,0,0,0
서울특별시,송파구,가락동,건너말,근린공원,11327.8,0,0,0,0,0
서울특별시,송파구,문정동,글샘,근린공원,27289.9,0,0,0,0,0
서울특별시,송파구,문정동,글샘작은,근린공원,10209.9,0,0,0,0,0
서울특별시,송파구,마천동,널문,근린공원,24128.0,0,0,0,0,0
서울특별시,송파구,오금동,누에머리,근린공원,18607.5,0,0,0,0,0
서울특별시,송파구,송파동,동산,근린공원,5660.8,0,0,0,0,0
서울특별시,송파구,문정동,두댐이,근린공원,24015.9,0,0,0,0,0
서울특별시,송파구,마천동,마천,근린공원,10962.5,0,0,0,0,0
서울특별시,송파구,잠실동,매미,근린공원,8012.3,0,0,0,0,0
서울특별시,송파구,오금동,목련,근린공원,8127.4,0,0,0,0,0
서울특별시,송파구,문정동,문정,근린공원,49972.0,0,0,0,0,0
서울특별시,송파구,방이동,방이,근린공원,6930.1,0,0,0,0,0
서울특별시,송파구,오금동,백토,근린공원,10024.1,0,0,0,0,0
서울특별시,송파구,잠실동,부리,근린공원,12898.9,0,0,0,0,0
서울특별시,송파구,잠실동,뽕나무,근린공원,11704.9,0,0,0,0,0
서울특별시,송파구,삼전동,삼전,근린공원,6607.6,0,0,0,0,0
서울특별시,송파구,신천동,새내,근린공원,2550.0,0,0,0,0,0
서울특별시,송파구,문정동,소리,근린공원,36638.3,0,0,0,0,0
서울특별시,송파구,송파동,송이,근린공원,11193.9,0,0,0,0,0
서울특별시,송파구,송파동,송파,근린공원,6621.2,0,0,0,0,0
서울특별시,송파구,신천동,송파나루,근린공원,285757.6,0,0,0,0,0
서울특별시,송파구,문정동,숯내,근린공원,10206.5,0,0,0,0,0
서울특별시,송파구,잠실동,아시아,근린공원,66027.8,0,0,0,0,0
서울특별시,송파구,문정동,연화,근린공원,14318.2,0,0,0,0,0
서울특별시,송파구,오금동,오금,근린공원,219167.4,0,0,0,0,0
서울특별시,송파구,신천동,온조마루,근린공원,6734.2,0,0,0,0,0
서울특별시,송파구,가락동,웃말,근린공원,11098.2,0,0,0,0,0
서울특별시,송파구,잠실동,잠실,근린공원,6613.3,0,0,0,0,0
서울특별시,송파구,장지동,장수,근린공원,9949.0,0,0,0,0,0
서울특별시,송파구,장지동,장지,근린공원,133122.1,0,0,0,0,0
서울특별시,송파구,마천동,천마,근린공원,182420.0,0,0,0,0,0
서울특별시,송파구,풍납동,태양,근린공원,6611.6,0,0,0,0,0
서울특별시,송파구,풍납동,풍납,근린공원,23746.0,0,0,0,0,0
서울특별시,송파구,신천동,하늘가람,근린공원,6612.0,0,0,0,0,0
서울특별시,송파구,송파동,한양,근린공원,4842.4,0,0,0,0,0
서울특별시,송파구,문정동,한우물,근린공원,11385.8,0,0,0,0,0
서울특별시,송파구,문정동,훼밀리,근린공원,10528.6,0,0,0,0,0
서울특별시,송파구,오금동,가야금,어린이공원,1500.0,0,0,0,0,0
서울특별시,송파구,문정동,개나리,어린이공원,1312.2,0,0,0,0,0
서울특별시,송파구,거여동,개미,어린이공원,1500.4,0,0,0,0,0
서울특별시,송파구,송파동,거북이,어린이공원,1594.0,0,0,0,0,0
서울특별시,송파구,거여동,거여,어린이공원,756.6,0,0,0,0,0
서울특별시,송파구,방이동,곰말,어린이공원,1707.2,0,0,0,0,0
서울특별시,송파구,문정동,굴렁쇠,어린이공원,1596.1,0,0,0,0,0
서울특별시,송파구,오금동,꿈나무,어린이공원,1496.3,0,0,0,0,0
서울특별시,송파구,삼전동,나루터,어린이공원,1472.9,0,0,0,0,0
서울특별시,송파구,마천동,남천,어린이공원,282.9,0,0,0,0,0
서울특별시,송파구,장지동,늘봄,어린이공원,3004.4,0,0,0,0,0
서울특별시,송파구,가락동,능골,어린이공원,1484.7,0,0,0,0,0
서울특별시,송파구,가락동,대건,어린이공원,1500.0,0,0,0,0,0
서울특별시,송파구,마천동,도담,어린이공원,4138.0,0,0,0,0,0
서울특별시,송파구,석촌동,돌마리,어린이공원,1715.6,0,0,0,0,0
서울특별시,송파구,마천동,돌무데기,어린이공원,97.6,0,0,0,0,0
서울특별시,송파구,송파동,동호수,어린이공원,1469.7,0,0,0,0,0
서울특별시,송파구,거여동,모슬,어린이공원,550.0,0,0,0,0,0
서울특별시,송파구,방이동,몽촌,어린이공원,1560.8,0,0,0,0,0
서울특별시,송파구,가락동,무궁화,어린이공원,1500.0,0,0,0,0,0
서울특별시,송파구,장지동,문현,어린이공원,1523.0,0,0,0,0,0
서울특별시,송파구,문정동,반딧불,어린이공원,1489.2,0,0,0,0,0
서울특별시,송파구,방이동,방잇골,어린이공원,1629.6,0,0,0,0,0
서울특별시,송파구,거여동,배미골,어린이공원,1500.1,0,0,0,0,0
서울특별시,송파구,송파동,배밭,어린이공원,1475.8,0,0,0,0,0
서울특별시,송파구,장지동,버들,어린이공원,1886.0,0,0,0,0,0
서울특별시,송파구,오금동,벌말,어린이공원,1502.1,0,0,0,0,0
서울특별시,송파구,오금동,복숭아,어린이공원,1500.3,0,0,0,0,0
서울특별시,송파구,방이동,비둘기,어린이공원,1500.2,0,0,0,0,0
서울특별시,송파구,삼전동,삼밭,어린이공원,1646.1,0,0,0,0,0
서울특별시,송파구,삼전동,삼밭나루,어린이공원,1434.1,0,0,0,0,0
서울특별시,송파구,삼전동,삼전,어린이공원,1644.7,0,0,0,0,0
서울특별시,송파구,삼전동,삼학사,어린이공원,1648.0,0,0,0,0,0
서울특별시,송파구,가락동,새말,어린이공원,1498.1,0,0,0,0,0
서울특별시,송파구,송파동,새싹,어린이공원,1806.4,0,0,0,0,0
서울특별시,송파구,가락동,샛팽이,어린이공원,1500.7,0,0,0,0,0
서울특별시,송파구,석촌동,석촌,어린이공원,1638.4,0,0,0,0,0
서울특별시,송파구,마천동,섬굴,어린이공원,368.0,0,0,0,0,0
서울특별시,송파구,장지동,솔바람,어린이공원,1500.0,0,0,0,0,0
서울특별시,송파구,방이동,솔밭,어린이공원,1500.1,0,0,0,0,0
서울특별시,송파구,문정동,수정,어린이공원,1494.6,0,0,0,0,0
서울특별시,송파구,송파동,아랑,어린이공원,1575.3,0,0,0,0,0
서울특별시,송파구,오금동,아랫말,어린이공원,1500.0,0,0,0,0,0
서울특별시,송파구,풍납동,아랫바람,어린이공원,198.0,0,0,0,0,0
서울특별시,송파구,석촌동,아름,어린이공원,2338.7,0,0,0,0,0
서울특별시,송파구,오금동,안골,어린이공원,1500.1,0,0,0,0,0
서울특별시,송파구,가락동,안산골,어린이공원,1500.5,0,0,0,0,0
서울특별시,송파구,송파동,어사,어린이공원,1653.4,0,0,0,0,0
서울특별시,송파구,거여동,영풍,어린이공원,1500.4,0,0,0,0,0
서울특별시,송파구,방이동,옛동산,어린이공원,1266.3,0,0,0,0,0
서울특별시,송파구,오금동,오동나무,어린이공원,1500.0,0,0,0,0,0
서울특별시,송파구,석촌동,오봉산,어린이공원,1508.0,0,0,0,0,0
서울특별시,송파구,마천동,용마,어린이공원,1500.3,0,0,0,0,0
서울특별시,송파구,풍납동,윗바람,어린이공원,291.0,0,0,0,0,0
서울특별시,송파구,방이동,임금샘,어린이공원,1500.3,0,0,0,0,0
서울특별시,송파구,거여동,잔버들,어린이공원,303.0,0,0,0,0,0
서울특별시,송파구,송파동,중대,어린이공원,1497.8,0,0,0,0,0
서울특별시,송파구,마천동,천상,어린이공원,12464.0,0,0,0,0,0
서울특별시,송파구,마천동,초록,어린이공원,343.9,0,0,0,0,0
서울특별시,송파구,거여동,큰바위,어린이공원,1508.1,0,0,0,0,0
서울특별시,송파구,오금동,큰솔,어린이공원,1500.0,0,0,0,0,0
서울특별시,송파구,가락동,투구봉,어린이공원,1502.9,0,0,0,0,0
서울특별시,송파구,장지동,한림,어린이공원,1504.0,0,0,0,0,0
서울특별시,송파구,문정동,한샘,어린이공원,1688.0,0,0,0,0,0
서울특별시,송파구,거여동,향나무,어린이공원,1512.4,0,0,0,0,0
서울특별시,송파구,문정동,호돌이,어린이공원,1545.1,0,0,0,0,0
서울특별시,송파구,문정동,호순이,어린이공원,1560.2,0,0,0,0,0
서울특별시,송파구,문정동,희망,어린이공원,1495.8,0,0,0,0,0
서울특별시,송파구,마천동,늘푸른,소공원,921.0,0,0,0,0,0
서울특별시,송파구,방이동,평화,소공원,1651.3,0,0,0,0,0
서울특별시,송파구,거여동,능안,기타,1597.8,0,0,0,0,0
서울특별시,송파구,마천동,돌무데기놀이터,기타,455.0,0,0,0,0,0
서울특별시,송파구,풍납동,풍납타이어,기타,291.0,0,0,0,0,0
서울특별시,송파구,가락동,가락1(시영아파트),근린공원,19159.2,0,0,0,0,0
서울특별시,송파구,문정동,문이,근린공원,20856.2,0,0,0,0,0
서울특별시,송파구,마천동,솔향(거마재정비),근린공원,10042.0,0,0,0,0,0
서울특별시,송파구,거여동,위례근린공원1호,근린공원,200327.0,0,0,0,0,0
서울특별시,송파구,거여동,위례근린공원3호,근린공원,42448.0,0,0,0,0,0
서울특별시,송파구,장지동,위례근린공원12호,근린공원,17872.0,0,0,0,0,0
서울특별시,송파구,잠실동,잠실주공5단지근린공원,근린공원,10741.0,0,0,0,0,0
서울특별시,송파구,거여동,향유(거마재정비),근린공원,10569.0,0,0,0,0,0
서울특별시,송파구,가락동,가락1(시영아파트),어린이공원,1617.7,0,0,0,0,0
서울특별시,송파구,문정동,문정동136어린이공원,어린이공원,4685.0,0,0,0,0,0
서울특별시,송파구,거여동,위례어린이공원1호,어린이공원,1594.0,0,0,0,0,0
서울특별시,송파구,신천동,잠실미성크로바,어린이공원,3644.0,0,0,0,0,0
서울특별시,송파구,신천동,잠실진주,어린이공원,4470.0,0,0,0,0,0
서울특별시,송파구,신천동,장미아파트1호,어린이공원,5470.0,0,0,0,0,0
서울특별시,송파구,신천동,장미아파트2호,어린이공원,3288.0,0,0,0,0,0
서울특별시,송파구,거여동,거여1(거마재정비),소공원,1139.7,0,0,0,0,0
서울특별시,송파구,마천동,거여2(거마재정비),소공원,1501.0,0,0,0,0,0
서울특별시,송파구,마천동,거여3(거마재정비),소공원,591.0,0,0,0,0,0
서울특별시,송파구,마천동,거여4(거마재정비),소공원,5420.0,0,0,0,0,0
서울특별시,송파구,마천동,거여5(거마재정비),소공원,7682.0,0,0,0,0,0
서울특별시,송파구,마천동,거여6(거마재정비),소공원,612.0,0,0,0,0,0
서울특별시,송파구,문정동,문정동136소공원,소공원,407.5,0,0,0,0,0
서울특별시,송파구,잠실동,잠실주공5단지소공원,소공원,8228.0,0,0,0,0,0
서울특별시,송파구,장지동,송례(위례근린공원8호),근린공원,10024.6,0,0,0,0,0
서울특별시,송파구,신천동,신천어린이교통,근린공원,12755.5,0,0,0,0,0
서울특별시,송파구,오금동,오금지구근린공원,근린공원,11488.0,0,0,0,0,0
서울특별시,송파구,장지동,위례별(위례근린공원7호),근린공원,12204.7,0,0,0,0,0
서울특별시,송파구,방이동,방이동고분,역사공원,30293.7,0,0,0,0,0
서울특별시,송파구,석촌동,백제초기적석총,역사공원,45137.8,0,0,0,0,0
서울특별시,송파구,오금동,오금지구수변공원,수변공원,4302.0,0,0,0,0,0
서울특별시,송파구,마천동,성내천,기타,61050.0,0,0,0,0,0
서울특별시,송파구,방이동,올림픽공원,기타,1447122.3,0,0,0,0,0
서울특별시,송파구,장지동,탄천,기타,161970.0,0,0,0,0,0
서울특별시,중랑구,묵동,묵동소공원,소공원,167.2,0,0,0,0,0
서울특별시,중랑구,면목동,코오롱하늘채앞소공원,소공원,1221.8,0,0,0,0,0
서울특별시,중랑구,묵동,봉화산근린공원,근린공원,977.5,0,0,0,0,0
서울특별시,중랑구,신내동,신내공원(신내택지개발지구근린공원2),근린공원,18699.0,0,0,0,0,0
서울특별시,중랑구,신내동,신내택지개발지구근린공원3,근린공원,22474.0,0,0,0,0,0
서울특별시,중랑구,신내동,능산공원,근린공원,12351.0,0,0,0,0,0
서울특별시,중랑구,신내동,신내어울공원,근린공원,12916.0,0,0,0,0,0
서울특별시,중랑구,신내동,구릉공원,근린공원,25651.0,0,0,0,0,0
서울특별시,중랑구,신내동,능말공원,근린공원,19101.0,0,0,0,0,0
서울특별시,중랑구,신내동,배말공원,근린공원,19902.0,0,0,0,0,0
서울특별시,중랑구,면목동,용마도시자연공원,기타,2800624.0,0,0,0,0,0
서울특별시,노원구,상계동,수락산공원,도시농업공원,6692795.0,0,0,0,0,1
서울특별시,노원구,중계동,불암산공원,도시농업공원,5334267.0,0,0,0,0,1
서울특별시,광진구,화양동,가중나무공원,어린이공원,971.6,0,1,1,0,0
서울특별시,광진구,화양동,한아름공원,어린이공원,936.2,0,3,1,0,0
서울특별시,광진구,화양동,해님공원,어린이공원,1002.3,0,4,1,0,0
서울특별시,광진구,화양동,화양공원,어린이공원,996.4,0,1,1,0,0
서울특별시,광진구,화양동,화양동정자마당공원,소공원,2382.0,0,0,0,0,0
서울특별시,광진구,군자동,남일공원,어린이공원,238.0,0,2,0,0,0
서울특별시,광진구,군자동,군자공원,어린이공원,642.0,0,2,0,0,1
서울특별시,광진구,능동,능동정자마당공원,소공원,1518.0,0,0,0,0,0
서울특별시,광진구,구의동,구의가로휴식공원,소공원,95.2,0,0,0,0,0
서울특별시,광진구,광장동,온달공원,어린이공원,1012.0,0,3,1,0,1
서울특별시,광진구,광장동,평강공원,어린이공원,325.0,0,1,1,0,0
서울특별시,용산구,효창동,효창공원,근린공원,171277.0,3,2,4,2,0
서울특별시,용산구,후암동,새나라어린이공원,어린이공원,2340.0,1,2,2,0,0
서울특별시,용산구,원효로3가,늘푸른어린이공원,어린이공원,2300.0,0,2,1,0,0
서울특별시,용산구,동자동,동자어린이공원,어린이공원,712.0,0,2,1,0,0
서울특별시,용산구,동자동,새꿈어린이공원,어린이공원,1828.0,0,1,1,0,0
서울특별시,용산구,청파동3가,돌모루어린이공원,어린이공원,3447.0,0,1,2,0,0
서울특별시,용산구,신계동,신계공원,역사공원,15000.0,0,0,2,0,0
서울특별시,용산구,한남동,응봉공원,근린공원,187834.0,2,2,2,0,0
서울특별시,용산구,동자동,두텁바위어린이공원,어린이공원,2623.0,0,1,0,0,0
서울특별시,용산구,효창동,효창어린이공원,어린이공원,525.0,0,0,0,0,0
서울특별시,용산구,이촌동,새푸리공원,소공원,231.0,0,1,0,0,0
서울특별시,용산구,도원동,도원어린이공원,어린이공원,1500.0,0,2,1,0,0
서울특별시,용산구,이촌동,강변공원,소공원,1766.0,0,1,1,0,0
서울특별시,용산구,한강로1가,솔밭어린이공원,어린이공원,2090.0,0,1,0,0,0
서울특별시,용산구,신창동,신창동어린이공원,어린이공원,257.0,0,0,0,0,0
서울특별시,용산구,용산동5가,서빙고공원,근린공원,11879.0,0,0,1,0,0
서울특별시,용산구,한강로3가,기와터공원,근린공원,2225.0,0,0,1,0,0
서울특별시,용산구,문배동,문배어린이공원,어린이공원,842.0,0,2,0,0,0
서울특별시,용산구,후암동,후암어린이공원,어린이공원,182.0,0,0,0,0,0
서울특별시,용산구,이촌동,비상공원,소공원,889.0,0,1,0,0,0
서울특별시,용산구,이촌동,청탑공원,소공원,546.0,0,0,0,0,0
서울특별시,용산구,이촌동,사촌공원,소공원,1500.0,0,1,0,0,0
서울특별시,용산구,이촌동,강변복지공원,소공원,377.0,0,1,0,0,0
서울특별시,용산구,이촌동,이촌한우리공원,소공원,4325.0,0,0,1,0,0
서울특별시,용산구,문배동,해님공원,소공원,1255.0,0,1,0,0,0
서울특별시,용산구,문배동,달님공원,소공원,1195.0,0,1,0,0,0
서울특별시,용산구,문배동,별님공원,소공원,1137.0,0,0,0,0,0
서울특별시,용산구,한남동,독서당공원,소공원,469.0,0,1,0,0,0
서울특별시,용산구,한남동,한남공원,소공원,432.0,0,1,0,0,0
서울특별시,용산구,이태원동,이태원어린이놀이터,소공원,278.0,0,1,0,0,0
서울특별시,용산구,한강로3가,한강대로공원,소공원,466.0,0,0,0,0,0
서울특별시,용산구,이태원동,이태원부군당,역사공원,2020.0,0,0,0,2,0
서울특별시,강남구,압구정동,신사근린공원,근린공원,6800.0,0,0,0,0,0
서울특별시,강남구,일원동,대청근린공원,근린공원,14089.1,0,0,0,0,0
서울특별시,강남구,일원동,늘푸른근린공원,근린공원,11410.3,0,0,0,0,0
서울특별시,강남구,개포동,개포서근린공원,근린공원,11219.2,0,0,0,0,0
서울특별시,강남구,개포동,개포동근린공원,근린공원,9705.6,0,0,0,0,0
서울특별시,강남구,대치동,대치근린공원,근린공원,10408.9,0,0,0,0,0
서울특별시,강남구,대치동,늘벗근린공원,근린공원,19812.3,0,0,0,0,0
서울특별시,강남구,도곡동,독골근린공원,근린공원,10022.9,0,0,0,0,0
서울특별시,강남구,개포동,포이근린공원,근린공원,16811.4,0,0,0,0,0
서울특별시,강남구,개포동,청룡근린공원,근린공원,9367.0,0,0,0,0,0
서울특별시,강남구,개포동,배밭근린공원,근린공원,11627.2,0,0,0,0,0
서울특별시,강남구,개포동,학여울근린공원,근린공원,12505.6,0,0,0,0,0
서울특별시,강남구,청담동,청수근린공원,근린공원,17402.0,0,0,0,0,0
서울특별시,강남구,청담동,청담근린공원,근린공원,59347.0,0,0,0,0,0
서울특별시,강남구,대치동,한티근린공원,근린공원,19200.0,0,0,0,0,0
서울특별시,강남구,개포동,개포근린공원,근린공원,90063.9,0,0,0,0,0
서울특별시,강남구,개포동,달터근린공원,근린공원,232078.2,0,0,0,0,0
서울특별시,강남구,개포동,대진근린공원,근린공원,13568.4,0,0,0,0,0
서울특별시,강남구,수서동,탄천근린공원,근린공원,10011.0,0,0,0,0,0
서울특별시,강남구,일원동,한솔근린공원,근린공원,12878.4,0,0,0,0,0
서울특별시,강남구,논현동,학동근린공원,근린공원,29947.0,0,0,0,0,0
서울특별시,강남구,삼성동,삼성은행나무근린공원,근린공원,1500.0,0,0,0,0,0
서울특별시,강남구,도곡동,도곡근린공원,근린공원,254648.0,0,0,0,0,0
서울특별시,강남구,도곡동,싸리고개근린공원,근린공원,15072.5,0,0,0,0,0
서울특별시,강남구,압구정동,갈매기근린공원,근린공원,7732.0,0,0,0,0,0
서울특별시,강남구,역삼동,도성근린공원,근린공원,1988.8,0,0,0,0,0
서울특별시,강남구,역삼동,송운근린공원,근린공원,1175.0,0,0,0,0,0
서울특별시,강남구,역삼동,언주근린공원,근린공원,1110.8,0,0,0,0,0
서울특별시,강남구,역삼동,영동근린공원,근린공원,1293.6,0,0,0,0,0
서울특별시,강남구,신사동,도산근린공원,근린공원,29816.5,0,0,0,0,0
서울특별시,강남구,역삼동,길섶근린공원,근린공원,1580.6,0,0,0,0,0
서울특별시,강남구,도곡동,매봉근린공원,근린공원,6146.9,0,0,0,0,0
서울특별시,강남구,역삼동,봉은근린공원,근린공원,1147.7,0,0,0,0,0
서울특별시,강남구,삼성동,배꽃근린공원,근린공원,1592.9,0,0,0,0,0
서울특별시,강남구,삼성동,반달근린공원,근린공원,679.3,0,0,0,0,0
서울특별시,강남구,삼성동,샘터근린공원,근린공원,1799.5,0,0,0,0,0
서울특별시,강남구,삼성동,학봉근린공원,근린공원,1343.0,0,0,0,0,0
서울특별시,강남구,대치동,큰골근린공원,근린공원,1688.1,0,0,0,0,0
서울특별시,강남구,역삼동,새뜰근린공원,근린공원,427.6,0,0,0,0,0
서울특별시,강남구,수서동,수서제2근린공원,근린공원,44587.5,0,0,0,0,0
서울특별시,강남구,일원동,수서택지개발(대모산부근),근린공원,11588.6,0,0,0,0,0
서울특별시,강남구,수서동,수서택지개발(광평부근),근린공원,7569.1,0,0,0,0,0
서울특별시,강남구,세곡동,세곡동근린공원1,근린공원,10310.4,0,0,0,0,0
서울특별시,강남구,세곡동,세곡공원,근린공원,101513.0,0,0,0,0,0
서울특별시,강남구,세곡동,돌산공원,근린공원,98417.0,0,0,0,0,0
서울특별시,강남구,수서동,광평공원,근린공원,519782.0,0,0,0,0,0
서울특별시,강남구,삼성동,봉은역사공원,역사공원,75635.7,0,0,0,0,0
서울특별시,강남구,역삼동,역삼문화공원,문화공원,33974.9,0,0,0,0,0
서울특별시,강남구,역삼동,다솜소공원,소공원,604.1,0,0,0,0,0
서울특별시,강남구,도곡동,도곡단비소공원,소공원,896.5,0,0,0,0,0
서울특별시,강남구,도곡동,도곡동426-9(로덴하우스)소공원,소공원,80.0,0,0,0,0,0
서울특별시,강남구,역삼동,역삼나들이소공원,소공원,650.0,0,0,0,0,0
서울특별시,강남구,논현동,아크로힐스소공원,소공원,800.0,0,0,0,0,0
서울특별시,강남구,논현동,논현까치공원,어린이공원,956.7,0,0,0,0,0
서울특별시,강남구,논현동,논현목련공원,어린이공원,986.0,0,0,0,0,0
서울특별시,강남구,논현동,논현은행나무공원,어린이공원,1014.5,0,0,0,0,0
서울특별시,강남구,논현동,논현개나리공원,어린이공원,1652.9,0,0,0,0,0
서울특별시,강남구,논현동,논현무궁화공원,어린이공원,1879.7,0,0,0,0,0
서울특별시,강남구,논현동,논현소나무공원,어린이공원,1819.9,0,0,0,0,0
서울특별시,강남구,논현동,학동공원,어린이공원,1498.5,0,0,0,0,0
서울특별시,강남구,신사동,신사은행나무공원,어린이공원,1240.1,0,0,0,0,0
서울특별시,강남구,신사동,신사목련공원,어린이공원,1001.1,0,0,0,0,0
서울특별시,강남구,신사동,신사무궁화공원,어린이공원,1641.8,0,0,0,0,0
서울특별시,강남구,신사동,신사까치공원,어린이공원,992.9,0,0,0,0,0
서울특별시,강남구,신사동,신사개나리공원,어린이공원,991.3,0,0,0,0,0
서울특별시,강남구,압구정동,압구정목련공원,어린이공원,2027.2,0,0,0,0,0
서울특별시,강남구,압구정동,압구정은행나무공원,어린이공원,2547.4,0,0,0,0,0
서울특별시,강남구,삼성동,삼성목련공원,어린이공원,1641.4,0,0,0,0,0
서울특별시,강남구,삼성동,삼성까치공원,어린이공원,1462.9,0,0,0,0,0
서울특별시,강남구,청담동,청담은행나무공원,어린이공원,1643.8,0,0,0,0,0
서울특별시,강남구,청담동,청담목련공원,어린이공원,1642.1,0,0,0,0,0
서울특별시,강남구,도곡동,도곡까치공원,어린이공원,1793.8,0,0,0,0,0
서울특별시,강남구,도곡동,도곡목련공원,어린이공원,1709.2,0,0,0,0,0
서울특별시,강남구,역삼동,역삼장미공원,어린이공원,1636.6,0,0,0,0,0
서울특별시,강남구,역삼동,역삼까치공원,어린이공원,987.2,0,0,0,0,0
서울특별시,강남구,역삼동,역삼무궁화공원,어린이공원,991.5,0,0,0,0,0
서울특별시,강남구,역삼동,역삼개나리공원,어린이공원,1635.0,0,0,0,0,0
서울특별시,강남구,역삼동,역삼소나무공원,어린이공원,987.3,0,0,0,0,0
서울특별시,강남구,역삼동,역삼은행나무공원,어린이공원,1647.1,0,0,0,0,0
서울특별시,강남구,대치동,대치목련공원,어린이공원,1649.1,0,0,0,0,0
서울특별시,강남구,대치동,대치까치공원,어린이공원,992.2,0,0,0,0,0
서울특별시,강남구,대치동,대치은행나무공원,어린이공원,1618.7,0,0,0,0,0
서울특별시,강남구,개포동,개포까치공원,어린이공원,1690.2,0,0,0,0,0
서울특별시,강남구,개포동,개포공원,어린이공원,4793.8,0,0,0,0,0
서울특별시,강남구,개포동,개포개나리공원,어린이공원,1500.6,0,0,0,0,0
서울특별시,강남구,개포동,개포은행나무공원,어린이공원,1641.7,0,0,0,0,0
서울특별시,강남구,개포동,개포목련공원,어린이공원,1639.1,0,0,0,0,0
서울특별시,강남구,일원동,일원은행나무공원,어린이공원,1500.3,0,0,0,0,0
서울특별시,강남구,일원동,일원목련공원,어린이공원,1613.8,0,0,0,0,0
서울특별시,강남구,일원동,일원까치공원,어린이공원,1476.3,0,0,0,0,0
서울특별시,강남구,수서동,궁마을공원,어린이공원,306.0,0,0,0,0,0
서울특별시,강남구,개포동,예지공원,어린이공원,1535.9,0,0,0,0,0
서울특별시,강남구,개포동,한마음공원,어린이공원,2488.1,0,0,0,0,0
서울특별시,강남구,일원동,일원장미공원,어린이공원,1500.0,0,0,0,0,0
서울특별시,강남구,일원동,일원개나리공원,어린이공원,4453.6,0,0,0,0,0
서울특별시,강남구,일원동,일원느티나무공원,어린이공원,1825.7,0,0,0,0,0
서울특별시,강남구,일원동,일원소나무공원,어린이공원,1500.6,0,0,0,0,0
서울특별시,강남구,일원동,일원상록수공원,어린이공원,1500.4,0,0,0,0,0
서울특별시,강남구,일원동,일원비둘기공원,어린이공원,1501.0,0,0,0,0,0
서울특별시,강남구,일원동,일원진달래공원,어린이공원,1500.1,0,0,0,0,0
서울특별시,강남구,수서동,일원새싹공원,어린이공원,1500.2,0,0,0,0,0
서울특별시,강남구,수서동,수서까치공원,어린이공원,1500.2,0,0,0,0,0
서울특별시,강남구,수서동,수서은행나무공원,어린이공원,1500.4,0,0,0,0,0
서울특별시,강남구,수서동,수서목련공원,어린이공원,1418.8,0,0,0,0,0
서울특별시,강남구,수서동,수서개나리공원,어린이공원,1500.1,0,0,0,0,0
서울특별시,강남구,세곡동,아래반고개공원,어린이공원,863.0,0,0,0,0,0
서울특별시,강남구,세곡동,윗반고개공원,어린이공원,1250.0,0,0,0,0,0
서울특별시,강남구,세곡동,은곡마을공원,어린이공원,2686.0,0,0,0,0,0
서울특별시,강남구,자곡동,쟁골공원,어린이공원,468.0,0,0,0,0,0
서울특별시,강남구,자곡동,못골공원,어린이공원,749.0,0,0,0,0,0
서울특별시,강남구,율현동,윗방죽마을공원,어린이공원,935.0,0,0,0,0,0
서울특별시,강남구,율현동,아래방죽마을공원,어린이공원,386.0,0,0,0,0,0
서울특별시,강남구,역삼동,충현공원,어린이공원,2721.8,0,0,0,0,0
서울특별시,강남구,세곡동,세곡천공원,어린이공원,2645.1,0,0,0,0,0
서울특별시,강남구,세곡동,대왕공원,어린이공원,2633.1,0,0,0,0,0
서울특별시,강남구,세곡동,근린공원1호,근린공원,18856.7,0,0,0,0,0
서울특별시,강남구,자곡동,근린공원2호,근린공원,5236.8,0,0,0,0,0
서울특별시,강남구,자곡동,근린공원3호,근린공원,38003.6,0,0,0,0,0
서울특별시,강남구,자곡동,근린공원4호,근린공원,24247.1,0,0,0,0,0
서울특별시,강남구,자곡동,근린공원5호,근린공원,21560.9,0,0,0,0,0
서울특별시,강남구,자곡동,근린공원6호,근린공원,19739.5,0,0,0,0,0
서울특별시,강남구,자곡동,근린공원7호,근린공원,12093.0,0,0,0,0,0
서울특별시,강남구,세곡동,수변공원2호,수변공원,3713.3,0,0,0,0,0
서울특별시,강남구,세곡동,쉼표소공원,소공원,1199.2,0,0,0,0,0
서울특별시,강남구,대치동,대치청실아파트소공원1,소공원,3845.0,0,0,0,0,0
서울특별시,강남구,대치동,대치청실아파트소공원2,소공원,610.0,0,0,0,0,0
서울특별시,강남구,역삼동,역삼미소공원,소공원,576.0,0,0,0,0,0
서울특별시,강남구,도곡동,도곡햇살공원,소공원,558.5,0,0,0,0,0
서울특별시,강남구,세곡동,도담공원,어린이공원,4282.7,0,0,0,0,0
서울특별시,강남구,세곡동,행복공원,어린이공원,2483.5,0,0,0,0,0
서울특별시,강남구,대치동,대치에스케이뷰1소공원,소공원,302.0,0,0,0,0,0
서울특별시,강남구,대치동,대치에스케이뷰2소공원,소공원,481.0,0,0,0,0,0
서울특별시,강서구,화곡동,우장,근린공원,359435.2,0,0,0,0,0
서울특별시,강서구,가양동,궁산,근린공원,135002.7,0,0,0,0,0
서울특별시,강서구,염창동,염창,근린공원,112070.0,0,0,0,0,0
서울특별시,강서구,방화동,꿩고개,근린공원,180000.0,0,0,0,0,0
서울특별시,강서구,화곡동,봉제산,근린공원,917190.0,0,0,0,0,0
서울특별시,강서구,화곡동,등마루,근린공원,74299.0,0,0,0,0,0
서울특별시,강서구,가양동,공암나루,근린공원,25680.4,0,0,0,0,0
서울특별시,강서구,가양동,구암,근린공원,29843.8,0,0,0,0,0
서울특별시,강서구,가양동,황금내,근린공원,22002.9,0,0,0,0,0
서울특별시,강서구,등촌동,원당,근린공원,10096.4,0,0,0,0,0
서울특별시,강서구,등촌동,등촌,근린공원,10051.6,0,0,0,0,0
서울특별시,강서구,등촌동,서낭당,근린공원,10248.8,0,0,0,0,0
서울특별시,강서구,방화동,방화,근린공원,72132.0,0,0,0,0,0
서울특별시,강서구,방화동,옹기골,근린공원,9723.6,0,0,0,0,0
서울특별시,강서구,등촌동,매화,근린공원,1980.4,0,0,0,0,0
서울특별시,강서구,화곡동,까치산,근린공원,27658.0,0,0,0,0,0
서울특별시,강서구,내발산동,수명산,근린공원,83807.1,0,0,0,0,0
서울특별시,강서구,내발산동,발산,근린공원,17825.5,0,0,0,0,0
서울특별시,강서구,마곡동,서울식물원,근린공원,503875.0,0,0,0,0,0
서울특별시,강서구,방화동,마곡나루,근린공원,17283.0,0,0,0,0,0
서울특별시,강서구,공항동,마곡하늬,근린공원,24597.0,0,0,0,0,0
서울특별시,강서구,염창동,이수,어린이공원,1805.1,0,0,0,0,0
서울특별시,강서구,염창동,백합,어린이공원,939.3,0,0,0,0,0
서울특별시,강서구,염창동,아리수,어린이공원,862.5,0,0,0,0,0
서울특별시,강서구,등촌동,등서,어린이공원,879.7,0,0,0,0,0
서울특별시,강서구,등촌동,백석,어린이공원,993.6,0,0,0,0,0
서울특별시,강서구,등촌동,등마루,어린이공원,970.9,0,0,0,0,0
서울특별시,강서구,등촌동,도림,어린이공원,1033.8,0,0,0,0,0
서울특별시,강서구,등촌동,능안,어린이공원,853.9,0,0,0,0,0
서울특별시,강서구,등촌동,한마음,어린이공원,1791.8,0,0,0,0,0
서울특별시,강서구,등촌동,새나라,어린이공원,1563.4,0,0,0,0,0
서울특별시,강서구,등촌동,백합,어린이공원,1547.4,0,0,0,0,0
서울특별시,강서구,등촌동,채송화,어린이공원,1544.9,0,0,0,0,0
서울특별시,강서구,등촌동,푸르매,어린이공원,1538.3,0,0,0,0,0
서울특별시,강서구,등촌동,새벗,어린이공원,1565.8,0,0,0,0,0
서울특별시,강서구,등촌동,코끼리,어린이공원,1594.5,0,0,0,0,0
서울특별시,강서구,화곡동,구름,어린이공원,833.0,0,0,0,0,0
서울특별시,강서구,화곡동,볏골,어린이공원,4219.0,0,0,0,0,0
서울특별시,강서구,화곡동,노을,어린이공원,1031.0,0,0,0,0,0
서울특별시,강서구,화곡동,까치산,어린이공원,1805.0,0,0,0,0,0
서울특별시,강서구,화곡동,비둘기,어린이공원,1086.0,0,0,0,0,0
서울특별시,강서구,화곡동,큰별,어린이공원,1067.0,0,0,0,0,0
서울특별시,강서구,화곡동,꿈돌이,어린이공원,1507.0,0,0,0,0,0
서울특별시,강서구,화곡동,소나무,어린이공원,942.0,0,0,0,0,0
서울특별시,강서구,화곡동,산새,어린이공원,539.0,0,0,0,0,0
서울특별시,강서구,화곡동,박장,어린이공원,929.0,0,0,0,0,0
서울특별시,강서구,화곡동,참새,어린이공원,256.0,0,0,0,0,0
서울특별시,강서구,화곡동,한글,어린이공원,965.0,0,0,0,0,0
서울특별시,강서구,화곡동,효심,어린이공원,1056.5,0,0,0,0,0
서울특별시,강서구,화곡동,버들,어린이공원,1087.2,0,0,0,0,0
서울특별시,강서구,화곡동,필마,어린이공원,1615.5,0,0,0,0,0
서울특별시,강서구,화곡동,다운,어린이공원,1290.6,0,0,0,0,0
서울특별시,강서구,화곡동,호돌이,어린이공원,811.6,0,0,0,0,0
서울특별시,강서구,화곡동,곰돌이,어린이공원,1006.9,0,0,0,0,0
서울특별시,강서구,화곡동,골말,어린이공원,977.9,0,0,0,0,0
서울특별시,강서구,화곡동,뜸부기,어린이공원,998.4,0,0,0,0,0
서울특별시,강서구,화곡동,하마터,어린이공원,1026.8,0,0,0,0,0
서울특별시,강서구,화곡동,바탕골,어린이공원,976.6,0,0,0,0,0
서울특별시,강서구,화곡동,미리내,어린이공원,967.5,0,0,0,0,0
서울특별시,강서구,화곡동,수명산,어린이공원,984.9,0,0,0,0,0
서울특별시,강서구,화곡동,대원,어린이공원,276.9,0,0,0,0,0
서울특별시,강서구,화곡동,천사,어린이공원,2395.2,0,0,0,0,0
서울특별시,강서구,화곡동,두레,어린이공원,986.1,0,0,0,0,0
서울특별시,강서구,가양동,나들이,어린이공원,1500.0,0,0,0,0,0
서울특별시,강서구,가양동,아름,어린이공원,1956.0,0,0,0,0,0
서울특별시,강서구,가양동,꽃동네,어린이공원,1510.0,0,0,0,0,0
서울특별시,강서구,가양동,가양,어린이공원,1500.0,0,0,0,0,0
서울특별시,강서구,가양동,엄지,어린이공원,1511.6,0,0,0,0,0
서울특별시,강서구,가양동,무지개,어린이공원,1500.0,0,0,0,0,0
서울특별시,강서구,가양동,풀피리,어린이공원,1562.0,0,0,0,0,0
서울특별시,강서구,가양동,곰돌이,어린이공원,1612.3,0,0,0,0,0
서울특별시,강서구,가양동,비둘기,어린이공원,1622.8,0,0,0,0,0
서울특별시,강서구,가양동,진달래,어린이공원,1500.0,0,0,0,0,0
서울특별시,강서구,내발산동,발음,어린이공원,913.6,0,0,0,0,0
서울특별시,강서구,내발산동,광명,어린이공원,1739.0,0,0,0,0,0
서울특별시,강서구,내발산동,수정,어린이공원,4000.3,0,0,0,0,0
서울특별시,강서구,내발산동,은행나무,어린이공원,1764.4,0,0,0,0,0
서울특별시,강서구,내발산동,신광명,어린이공원,8596.6,0,0,0,0,0
서울특별시,강서구,내발산동,원당,어린이공원,992.0,0,0,0,0,0
서울특별시,강서구,내발산동,가곡,어린이공원,2747.9,0,0,0,0,0
서울특별시,강서구,내발산동,꿈빛,어린이공원,1500.0,0,0,0,0,0
서울특별시,강서구,방화동,쌈지,어린이공원,3973.0,0,0,0,0,0
서울특별시,강서구,방화동,개나리,어린이공원,252.0,0,0,0,0,0
서울특별시,강서구,방화동,긴등,어린이공원,253.0,0,0,0,0,0
서울특별시,강서구,방화동,문성,어린이공원,254.0,0,0,0,0,0
서울특별시,강서구,방화동,새싹,어린이공원,334.0,0,0,0,0,0
서울특별시,강서구,방화동,도레미,어린이공원,6649.0,0,0,0,0,0
서울특별시,강서구,방화동,들꽃,어린이공원,705.0,0,0,0,0,0
서울특별시,강서구,방화동,봉선화,어린이공원,552.0,0,0,0,0,0
서울특별시,강서구,방화동,민들레,어린이공원,589.0,0,0,0,0,0
서울특별시,강서구,방화동,내촌,어린이공원,1149.0,0,0,0,0,0
서울특별시,강서구,방화동,신대부석,어린이공원,1132.0,0,0,0,0,0
서울특별시,강서구,방화동,목련,어린이공원,251.0,0,0,0,0,0
서울특별시,강서구,방화동,샛별,어린이공원,294.0,0,0,0,0,0
서울특별시,강서구,방화동,새싹,어린이공원,4939.0,0,0,0,0,0
서울특별시,강서구,방화동,은하수,어린이공원,3825.8,0,0,0,0,0
서울특별시,강서구,방화동,능말,어린이공원,1520.7,0,0,0,0,0
서울특별시,강서구,방화동,메아리,어린이공원,1511.6,0,0,0,0,0
서울특별시,강서구,방화동,느티,어린이공원,1512.9,0,0,0,0,0
서울특별시,강서구,방화동,돌샘,어린이공원,1500.3,0,0,0,0,0
서울특별시,강서구,방화동,꿈나무,어린이공원,1500.2,0,0,0,0,0
서울특별시,강서구,방화동,개화,어린이공원,1512.2,0,0,0,0,0
서울특별시,강서구,공항동,긴등마을,어린이공원,1645.3,0,0,0,0,0
서울특별시,강서구,공항동,꿈자람,어린이공원,2014.0,0,0,0,0,0
서울특별시,강서구,공항동,다솜,어린이공원,511.0,0,0,0,0,0
서울특별시,강서구,공항동,풀잎,어린이공원,1945.0,0,0,0,0,0
서울특별시,강서구,마곡동,푸르미,어린이공원,1494.0,0,0,0,0,0
서울특별시,강서구,마곡동,예솔,어린이공원,864.0,0,0,0,0,0
서울특별시,강서구,내발산동,햇빛,어린이공원,2066.0,0,0,0,0,0
서울특별시,구로구,신도림동,미래사랑어린이공원,어린이공원,5870.0,1,1,0,0,0
서울특별시,구로구,신도림동,신도림역문화공원,문화공원,3322.0,0,0,0,0,0
서울특별시,구로구,신도림동,신도림어린이공원,어린이공원,2292.0,1,1,0,0,0
서울특별시,구로구,구로동,희망어린이공원,어린이공원,911.0,1,2,0,0,0
서울특별시,구로구,구로동,꿈마을어린이공원,어린이공원,1609.0,1,3,0,0,0
서울특별시,구로구,구로동,구로리어린이공원,어린이공원,7782.0,1,4,0,0,0
서울특별시,구로구,구로동,솔길어린이공원,어린이공원,1999.0,1,3,0,0,0
서울특별시,구로구,구로동,화원어린이공원,어린이공원,4544.0,1,3,0,0,0
서울특별시,구로구,구로동,삼각어린이공원,어린이공원,2634.0,1,4,0,0,0
서울특별시,구로구,구로동,구로근린공원,근린공원,7901.0,1,1,3,2,0
서울특별시,구로구,구로동,환경어린이공원,어린이공원,528.0,1,2,0,0,0
서울특별시,구로구,구로동,애경어린이공원,어린이공원,2996.0,1,2,0,0,0
서울특별시,구로구,구로동,테크노근린공원,근린공원,10482.0,1,0,1,0,0
서울특별시,구로구,구로동,구로동(다울)소공원,소공원,243.0,1,0,0,0,0
서울특별시,구로구,고척동,도레미어린이공원,어린이공원,326.0,1,1,0,0,0
서울특별시,구로구,고척동,계남근린공원,근린공원,158814.0,3,0,1,0,0
서울특별시,구로구,고척동,고척근린공원,근린공원,108120.0,6,3,5,1,0
서울특별시,구로구,고척동,골목어린이공원,어린이공원,266.0,1,3,0,0,0
서울특별시,구로구,고척동,능골어린이공원,어린이공원,357.0,1,2,0,0,0
서울특별시,구로구,고척동,오금어린이공원,어린이공원,348.0,1,2,0,0,0
서울특별시,구로구,고척동,덕의근린공원,근린공원,5565.0,1,0,2,0,0
서울특별시,구로구,고척동,현화소공원,소공원,720.0,1,0,0,0,0
서울특별시,구로구,고척동,무궁화소공원,소공원,1166.0,1,0,0,0,0
서울특별시,구로구,개봉동,개웅어린이공원,어린이공원,1797.0,1,3,1,0,0
서울특별시,구로구,개봉동,소막골어린이공원,어린이공원,516.0,1,1,0,0,0
서울특별시,구로구,개봉동,절골어린이공원,어린이공원,369.0,1,2,0,0,0
서울특별시,구로구,개봉동,가린열어린이공원,어린이공원,333.0,1,1,0,0,0
서울특별시,구로구,개봉동,개봉소공원,소공원,3023.0,0,0,0,0,0
서울특별시,구로구,개봉동,개웅소공원,소공원,657.0,1,1,0,0,0
서울특별시,구로구,오류동,온수도시자연공원,기타,1097565.0,3,0,1,0,0
서울특별시,구로구,오류동,개웅산근린공원,근린공원,411972.0,2,0,1,0,0
서울특별시,구로구,오류동,오동나무어린이공원,어린이공원,1815.0,0,3,0,0,0
서울특별시,구로구,온수동,온수어린이공원,어린이공원,475.0,1,3,0,0,0
서울특별시,구로구,온수동,와룡소공원,소공원,2500.0,1,0,0,0,0
서울특별시,구로구,온수동,갈매소공원,소공원,3200.0,1,0,0,0,0
서울특별시,구로구,궁동,삭새어린이공원,어린이공원,2077.0,1,2,0,0,0
서울특별시,구로구,궁동,수른어린이공원,어린이공원,332.0,1,1,0,0,0
서울특별시,구로구,천왕동,천왕도시자연공원,기타,587860.0,3,0,2,0,0
서울특별시,구로구,천왕동,연지근린공원,근린공원,44478.0,1,0,0,0,0
서울특별시,구로구,천왕동,버들어린이공원,어린이공원,6167.0,0,4,0,0,0
서울특별시,구로구,천왕동,천왕근린공원,근린공원,33677.0,1,0,0,0,0
서울특별시,구로구,천왕동,천왕역소공원,소공원,1712.0,0,0,0,0,0
서울특별시,구로구,천왕동,이펜시아어린이공원,어린이공원,1500.0,0,1,0,0,0
서울특별시,구로구,천왕동,개명소공원,소공원,5415.0,0,0,0,0,0
서울특별시,구로구,천왕동,봉화대근린공원,근린공원,60975.0,0,0,0,0,0
서울특별시,구로구,항동,푸른수목원,근린공원,100809.0,0,0,0,0,0
서울특별시,구로구,오류동,오류동역문화공원,문화공원,7510.0,0,0,0,0,0
부산광역시,남구,대연동,대연공원,근린공원,55227.0,0,0,0,0,0
부산광역시,남구,대연동,당곡공원,역사공원,75465.0,0,0,0,0,0
부산광역시,남구,대연동,대일어린이공원,어린이공원,422.1,0,0,0,0,0
부산광역시,남구,대연동,못골어린이공원,어린이공원,499.8,0,0,0,0,0
부산광역시,남구,용호동,솔밭어린이공원,어린이공원,1500.2,0,0,0,0,0
부산광역시,남구,대연동,UN공원,묘지공원,176486.0,0,0,0,0,0
부산광역시,남구,문현동,지게골어린이공원,어린이공원,1654.0,0,0,0,0,0
부산광역시,남구,문현동,문현어린이공원,어린이공원,364.0,0,0,0,0,0
부산광역시,남구,문현동,개나리어린이공원,어린이공원,370.0,0,0,0,0,0
부산광역시,남구,문현동,통일동산어린이공원,어린이공원,479.0,0,0,0,0,0
부산광역시,남구,용호동,이기대공원,수변공원,1924935.0,0,0,0,0,0
부산광역시,남구,대연동,대연2공원,근린공원,51000.0,0,0,0,0,0
부산광역시,남구,용호동,용호공원,근린공원,10052.0,0,0,0,0,0
부산광역시,남구,용호동,가로공원,근린공원,13398.0,0,0,0,0,0
부산광역시,남구,문현동,어린이공원,어린이공원,2157.0,0,0,0,0,0
부산광역시,남구,문현동,어린이공원,어린이공원,1608.0,0,0,0,0,0
부산광역시,남구,대연동,어린이공원,어린이공원,2017.0,0,0,0,0,0
부산광역시,남구,우암동,우암1어린이공원,어린이공원,3953.0,0,0,0,0,0
부산광역시,남구,우암동,우암2소공원,소공원,660.0,0,0,0,0,0
부산광역시,남구,대연동,소공원,소공원,283.0,0,0,0,0,0
부산광역시,남구,대연동,어린이공원,어린이공원,1625.0,0,0,0,0,0
부산광역시,남구,대연동,어린이공원,어린이공원,1864.6,0,0,0,0,0
부산광역시,남구,대연동,평화공원,근린공원,32015.0,0,0,0,0,0
부산광역시,남구,용호동,어린이공원,어린이공원,2118.8,0,0,0,0,0
부산광역시,남구,감만동,어린이공원,어린이공원,4247.0,0,0,0,0,0
부산광역시,남구,감만동,어린이공원,어린이공원,8562.0,0,0,0,0,0
부산광역시,남구,우암동,소공원,소공원,1269.0,0,0,0,0,0
부산광역시,남구,용호동,오륙도해맞이소공원,소공원,10659.0,0,0,0,0,0
부산광역시,남구,문현동,소공원,소공원,4175.0,0,0,0,0,0
부산광역시,남구,우암동,소공원,소공원,650.0,0,0,0,0,0
부산광역시,남구,문현동,문화공원A,문화공원,3543.0,0,0,0,0,0
부산광역시,남구,대연동,문화공원,문화공원,6811.0,0,0,0,0,0
부산광역시,남구,대연동,대연혁신도시어린이공원,어린이공원,4330.6,0,0,0,0,0
부산광역시,남구,대연동,대동골소공원,소공원,1227.0,0,0,0,0,0
부산광역시,남구,문현동,문화공원B,문화공원,2257.0,0,0,0,0,0
부산광역시,남구,감만동,감만당집마루소공원,소공원,1193.0,0,0,0,0,0
부산광역시,남구,용당동,무제등소공원,소공원,4955.0,0,0,0,0,0
부산광역시,남구,대연동,소공원,소공원,2310.0,0,0,0,0,0
부산광역시,연제구,연산동,강변공원,소공원,196.8,0,0,0,0,1
부산광역시,연제구,연산동,토곡근린공원,근린공원,18854.0,0,0,0,0,1
부산광역시,연제구,연산동,연천공원,소공원,1908.0,0,0,0,0,1
부산광역시,연제구,연산동,월륜공원,소공원,1044.0,0,0,0,0,1
부산광역시,연제구,연산동,연이공원,소공원,818.4,0,0,0,0,1
부산광역시,연제구,연산동,옛골공원,소공원,2764.0,0,0,0,0,1
부산광역시,연제구,연산동,쌍미공원,소공원,1209.0,0,0,0,0,1
부산광역시,연제구,연산동,연화공원,소공원,2127.0,0,0,0,0,1
부산광역시,연제구,연산동,한들공원,어린이공원,3369.9,0,1,0,0,1
부산광역시,연제구,연산동,한빛공원,어린이공원,1515.0,0,1,0,0,1
부산광역시,연제구,연산동,햇살공원,어린이공원,1610.0,0,0,0,0,1
부산광역시,연제구,연산동,연잎공원,어린이공원,1588.2,0,1,0,0,1
부산광역시,연제구,연산동,과정공원,어린이공원,1946.5,1,1,1,0,1
부산광역시,연제구,연산동,새싹공원,어린이공원,619.8,0,1,0,0,1
부산광역시,연제구,연산동,꿈나무공원,어린이공원,1665.8,0,1,0,0,1
부산광역시,연제구,연산동,연봉공원,어린이공원,1347.0,0,1,0,0,1
부산광역시,연제구,연산동,늘푸른공원,어린이공원,1869.8,0,1,0,0,1
부산광역시,연제구,거제동,거제체육공원,체육공원,5848.5,1,0,0,0,1
부산광역시,연제구,거제동,어울림공원,어린이공원,3780.5,0,1,0,0,1
부산광역시,연제구,거제동,한마음공원,어린이공원,2788.1,0,1,0,0,1
부산광역시,부산진구,초읍동,연지공원,근린공원,60490.0,0,0,0,0,0
부산광역시,부산진구,전포동,양정공원,근린공원,9252.0,0,1,1,0,0
부산광역시,부산진구,가야동,가야산책공원,근린공원,14292.0,0,1,0,0,0
부산광역시,부산진구,개금동,개금테마공원,근린공원,28881.0,1,3,1,0,0
부산광역시,부산진구,양정동,화지공원,근린공원,391299.0,0,0,0,0,0
부산광역시,부산진구,가야동,가야공원,근린공원,55526.0,0,0,0,0,0
부산광역시,부산진구,당감동,백양가족공원,근린공원,16375.0,0,2,0,0,0
부산광역시,부산진구,범전동,시민공원,근린공원,470758.0,0,0,1,0,2
부산광역시,부산진구,전포동,돌산공원,근린공원,41446.0,0,0,1,0,1
부산광역시,부산진구,초읍동,백양어린이공원,어린이공원,640.3,0,1,0,0,0
부산광역시,부산진구,개금동,개나리어린이공원,어린이공원,1904.2,0,2,0,0,0
부산광역시,부산진구,당감동,솔바람어린이공원,어린이공원,3351.8,0,2,0,0,0
부산광역시,부산진구,개금동,화목어린이공원,어린이공원,3920.3,0,1,1,0,0
부산광역시,부산진구,개금동,까치어린이공원,어린이공원,3796.5,0,2,0,0,0
부산광역시,부산진구,당감동,백두어린이공원,어린이공원,1655.4,0,1,0,0,0
부산광역시,부산진구,당감동,미리내어린이공원,어린이공원,2969.2,1,2,0,0,0
부산광역시,부산진구,당감동,색동어린이공원,어린이공원,1681.5,0,1,0,0,0
부산광역시,부산진구,부암동,은하수어린이공원,어린이공원,1630.9,0,2,0,0,0
부산광역시,부산진구,부암동,동양어린이공원,어린이공원,1554.3,0,2,0,0,0
부산광역시,부산진구,초읍동,새싹어린이공원,어린이공원,406.0,0,0,0,0,0
부산광역시,부산진구,연지동,연지어린이공원,어린이공원,1597.4,0,2,0,0,0
부산광역시,부산진구,양정동,꿈동산어린이공원,어린이공원,1775.2,0,3,0,0,0
부산광역시,부산진구,양정동,어린이공원,어린이공원,3230.0,0,0,0,0,0
부산광역시,부산진구,전포동,전포201재개발,어린이공원,2151.0,0,0,0,0,0
부산광역시,부산진구,양정동,양정1재개발,어린이공원,1754.0,0,0,0,0,0
부산광역시,부산진구,부암동,부암동61001,어린이공원,1536.0,0,0,0,0,0
부산광역시,부산진구,부암동,부암동59801,어린이공원,2119.0,0,0,0,0,0
부산광역시,부산진구,가야동,어린이공원,어린이공원,2944.0,0,0,0,0,0
부산광역시,부산진구,부암동,어린이공원,어린이공원,3110.0,0,0,0,0,0
부산광역시,북구,화명동,화명중앙공원,문화공원,11977.5,1,0,1,0,1
부산광역시,북구,구포동,구포문화공원,문화공원,93552.0,0,0,0,0,0
부산광역시,북구,화명동,화정근린공원,근린공원,10051.1,1,1,1,0,1
부산광역시,북구,만덕동,만덕사지당간지주역사공원,근린공원,349.0,0,0,0,0,0
부산광역시,북구,화명동,수정근린공원,근린공원,10016.0,1,0,1,0,0
부산광역시,북구,화명동,현충근린공원,근린공원,10002.0,1,0,1,0,1
부산광역시,북구,화명동,명진근린공원,근린공원,10001.0,1,0,1,0,0
부산광역시,북구,화명동,화명3택지지구(양달숲공원),근린공원,22525.0,0,0,0,0,0
부산광역시,북구,화명동,화명근린공원,근린공원,70396.0,1,3,1,0,1
부산광역시,북구,만덕동,만덕근린공원,근린공원,118500.0,0,0,0,0,0
부산광역시,북구,만덕동,백양근린공원,근린공원,263817.6,1,3,1,0,0
부산광역시,북구,덕천동,덕천근린공원,근린공원,154484.0,1,0,1,0,0
부산광역시,북구,덕천동,덕천개발지구(휴공원),근린공원,12741.0,1,0,1,0,0
부산광역시,북구,금곡동,금곡근린공원,근린공원,11908.9,0,1,0,0,0
부산광역시,북구,구포동,구포생태근린공원,근린공원,7640.0,0,0,0,0,0
부산광역시,북구,구포동,백양숲공원,근린공원,11853.0,0,0,0,0,0
부산광역시,북구,덕천동,덕천소공원,소공원,1281.0,0,0,0,0,0
부산광역시,북구,만덕동,만덕소공원,소공원,2399.0,0,0,0,0,0
부산광역시,북구,만덕동,사기천소공원,소공원,221.0,0,0,0,0,0
부산광역시,북구,구포동,거북소공원,소공원,742.0,0,0,1,0,0
부산광역시,북구,화명동,와석소공원,소공원,670.0,1,2,1,0,0
부산광역시,북구,화명동,희망공원,어린이공원,1500.2,0,1,1,0,0
부산광역시,북구,금곡동,행복공원,어린이공원,3325.2,1,2,1,0,0
부산광역시,북구,만덕동,함박공원,어린이공원,1528.8,1,1,0,0,1
부산광역시,북구,만덕동,한빛공원,어린이공원,747.0,0,2,1,0,0
부산광역시,북구,만덕동,한마음공원,어린이공원,2886.2,1,1,1,0,1
부산광역시,북구,만덕동,하얀마음공원,어린이공원,1951.0,1,1,1,0,0
부산광역시,북구,만덕동,하늘공원,어린이공원,2274.3,1,2,1,0,0
부산광역시,북구,구포동,포천공원,어린이공원,1500.7,1,1,1,0,0
부산광역시,북구,만덕동,파란마음공원,어린이공원,1596.1,1,1,1,0,0
부산광역시,북구,덕천동,철쭉공원,어린이공원,890.4,1,1,1,0,0
부산광역시,북구,금곡동,천사공원,어린이공원,1500.2,1,1,1,0,0
부산광역시,북구,화명동,직녀공원,어린이공원,2820.9,1,2,1,0,0
부산광역시,북구,구포동,음정공원,어린이공원,1365.5,1,2,1,0,0
부산광역시,북구,금곡동,율리공원,어린이공원,1608.5,0,3,1,0,0
부산광역시,북구,화명동,우신자연공원,어린이공원,2760.2,1,2,0,0,0
부산광역시,북구,금곡동,우리공원,어린이공원,1600.4,0,1,1,0,0
부산광역시,북구,화명동,용당공원,어린이공원,1500.2,0,2,1,0,0
부산광역시,북구,금곡동,열린공원,어린이공원,1500.0,1,2,1,0,0
부산광역시,북구,만덕동,신덕공원,어린이공원,2809.0,1,1,1,0,0
부산광역시,북구,구포동,시랑공원,어린이공원,1460.8,1,0,1,0,0
부산광역시,북구,덕천동,쉼터공원,어린이공원,1593.0,1,1,0,0,0
부산광역시,북구,덕천동,숙등공원,어린이공원,2369.9,1,2,1,0,0
부산광역시,북구,화명동,솔내음공원,어린이공원,1581.3,0,2,1,0,0
부산광역시,북구,금곡동,솔공원,어린이공원,1600.0,1,2,1,0,0
부산광역시,북구,화명동,새싹공원,어린이공원,1500.3,0,1,1,0,0
부산광역시,북구,만덕동,상록공원,어린이공원,1444.7,1,2,1,0,1
부산광역시,북구,금곡동,사랑공원,어린이공원,3600.0,0,3,1,0,0
부산광역시,북구,화명동,벽산강변공원,어린이공원,2195.7,1,3,1,0,0
부산광역시,북구,화명동,백포공원,어린이공원,1500.2,0,2,1,0,0
부산광역시,북구,만덕동,백운공원,어린이공원,1595.0,1,2,1,0,0
부산광역시,북구,금곡동,민주공원,어린이공원,1740.6,1,1,1,0,0
부산광역시,북구,금곡동,미래공원,어린이공원,2125.0,1,3,1,0,0
부산광역시,북구,만덕동,동심초공원,어린이공원,1500.0,1,1,1,0,1
부산광역시,북구,만덕동,동심공원,어린이공원,1600.2,1,2,1,0,0
부산광역시,북구,덕천동,덕천공원,어린이공원,1580.9,1,1,0,0,0
부산광역시,북구,덕천동,덕내공원,어린이공원,1942.5,1,1,1,0,0
부산광역시,북구,화명동,대천천수변공원,어린이공원,1544.4,1,2,1,0,0
부산광역시,북구,금곡동,대천공원,어린이공원,1500.2,0,1,1,0,0
부산광역시,북구,덕천동,남산정공원,어린이공원,2433.5,1,3,1,0,0
부산광역시,북구,덕천동,꿈마루공원,어린이공원,1741.4,0,1,0,0,0
부산광역시,북구,덕천동,꿈나래공원,어린이공원,2068.2,1,1,1,0,0
부산광역시,북구,덕천동,기비골공원,어린이공원,3085.5,1,1,1,0,1
부산광역시,북구,금곡동,금빛공원,어린이공원,1554.1,0,1,1,0,0
부산광역시,북구,화명동,그린달님공원,어린이공원,2550.4,1,3,1,0,0
부산광역시,북구,화명동,그린꽃님공원,어린이공원,2700.1,1,3,1,0,0
부산광역시,북구,구포동,구삼공원,어린이공원,1494.6,1,1,1,0,0
부산광역시,북구,금곡동,공창공원,어린이공원,1507.6,1,2,1,0,1
부산광역시,북구,화명동,견우공원,어린이공원,3669.9,1,2,1,0,0
부산광역시,북구,금곡동,건강공원,어린이공원,1600.0,1,2,1,0,1
부산광역시,북구,구포동,거북공원,어린이공원,520.0,1,1,1,0,0
부산광역시,북구,만덕동,개나리공원,어린이공원,1905.8,1,3,1,0,0
부산광역시,중구,영주동,중앙공원,근린공원,229041.0,0,0,0,0,0
부산광역시,중구,영주동,영주어린이공원,어린이공원,198.0,0,0,0,0,0
부산광역시,영도구,동삼동,함지골공원,근린공원,792812.0,1,0,1,1,0
부산광역시,영도구,동삼동,동삼공원,근린공원,15995.0,1,0,1,0,0
부산광역시,영도구,동삼동,동삼혁신지구근린공원,근린공원,10603.0,0,1,1,0,0
부산광역시,영도구,동삼동,상리어린이공원,어린이공원,3852.0,0,1,1,0,0
부산광역시,영도구,동삼동,일산봉어린이공원,어린이공원,1878.0,0,3,0,0,0
부산광역시,영도구,동삼동,광명어린이공원,어린이공원,3165.0,0,2,1,0,0
부산광역시,영도구,동삼동,팔각어린이공원,어린이공원,1511.0,0,2,1,0,0
부산광역시,영도구,동삼동,중리어린이공원,어린이공원,1502.0,1,3,0,0,0
부산광역시,영도구,동삼동,와치어린이공원,어린이공원,1516.0,1,2,0,0,0
부산광역시,영도구,동삼동,푸른어린이공원,어린이공원,1514.0,0,2,0,0,0
부산광역시,영도구,동삼동,동삼동소공원,소공원,9989.0,0,0,1,0,0
부산광역시,영도구,동삼동,하리지구소공원,소공원,870.0,0,0,0,0,0
부산광역시,영도구,동삼동,하리지구소공원,소공원,2067.0,0,0,1,0,0
부산광역시,영도구,동삼동,하리지구소공원,소공원,625.0,0,0,0,0,0
부산광역시,금정구,장전동,금강공원,근린공원,1875409.0,0,0,1,0,0
부산광역시,금정구,장전동,장전공원,근린공원,453632.0,0,0,1,0,0
부산광역시,금정구,금사동,명장공원,근린공원,125688.0,0,0,0,0,0
부산광역시,금정구,부곡동,가마실공원,어린이공원,1530.9,0,1,0,0,0
부산광역시,금정구,부곡동,공수물공원,어린이공원,558.0,0,0,0,0,0
부산광역시,금정구,구서동,구서공원,어린이공원,1736.6,0,2,0,0,0
부산광역시,금정구,부곡동,구월공원,어린이공원,1910.0,0,2,0,0,0
부산광역시,금정구,구서동,금정공원,어린이공원,796.0,0,1,0,0,0
부산광역시,금정구,금사동,금천공원,어린이공원,1983.3,1,2,0,0,0
부산광역시,금정구,부곡동,기찰공원,어린이공원,983.1,0,2,0,0,0
부산광역시,금정구,장전동,까치공원,어린이공원,513.1,0,1,0,0,0
부산광역시,금정구,남산동,남산공원,어린이공원,2255.0,0,1,0,0,0
부산광역시,금정구,청룡동,놀이마당공원,어린이공원,1462.1,0,2,1,0,0
부산광역시,금정구,남산동,다람쥐공원,어린이공원,1706.1,0,1,0,0,0
부산광역시,금정구,남산동,달님공원,어린이공원,4086.8,0,2,0,0,0
부산광역시,금정구,금사동,보람공원,어린이공원,2738.2,1,0,1,0,0
부산광역시,금정구,장전동,비석바위공원,어린이공원,3405.3,0,0,0,0,0
부산광역시,금정구,회동동,상록수공원,어린이공원,4343.1,1,0,0,0,0
부산광역시,금정구,구서동,샘골공원,어린이공원,1024.5,0,1,0,0,0
부산광역시,금정구,서동,서명상상어린이공원,어린이공원,1155.4,0,2,0,0,1
부산광역시,금정구,구서동,선경공원,어린이공원,3985.9,0,2,0,0,0
부산광역시,금정구,부곡동,숲속공원,어린이공원,5694.0,0,2,0,0,0
부산광역시,금정구,남산동,요산꽃님공원,어린이공원,1657.9,0,1,0,0,0
부산광역시,금정구,구서동,우성공원,어린이공원,1100.0,0,1,0,0,0
부산광역시,금정구,금사동,은빛공원,어린이공원,2336.0,0,1,0,0,0
부산광역시,금정구,남산동,푸른솔밭공원,어린이공원,3523.5,0,1,0,0,0
부산광역시,금정구,남산동,형제공원,어린이공원,2203.3,0,0,0,0,0
부산광역시,금정구,금사동,화랑공원,어린이공원,1833.4,0,1,0,0,0
부산광역시,금정구,회동동,회동첨단공원,소공원,3032.0,0,0,0,0,0
부산광역시,금정구,회동동,동대공원,소공원,1814.1,0,0,0,0,0
부산광역시,금정구,금사동,금사소공원,소공원,503.0,0,0,0,0,0
부산광역시,동구,좌천동,좌천지구어린이공원,어린이공원,999.0,0,1,0,0,0
부산광역시,동구,범일동,증산공원,근린공원,31133.0,0,0,1,0,0
부산광역시,해운대구,우동,해운대공원,근린공원,124739.0,0,0,0,0,0
부산광역시,해운대구,중동,바다내음공원,어린이공원,421.8,0,0,0,0,0
부산광역시,해운대구,중동,다소미공원,어린이공원,2311.7,0,0,0,0,0
부산광역시,해운대구,재송동,반여제3공원,근린공원,30410.0,0,0,0,0,0
부산광역시,해운대구,반여동,으뜸공원,어린이공원,940.0,0,0,0,0,0
부산광역시,해운대구,재송동,별천지공원,어린이공원,1653.0,0,0,0,0,0
부산광역시,해운대구,재송동,한빛공원,어린이공원,1324.0,0,0,0,0,0
부산광역시,해운대구,반송동,담안골공원,근린공원,10099.0,0,0,0,0,0
부산광역시,해운대구,좌동,부흥공원,근린공원,10737.0,0,0,0,0,0
부산광역시,해운대구,중동,오산공원,근린공원,19488.0,0,0,0,0,0
부산광역시,해운대구,좌동,햇살공원,어린이공원,5708.0,0,0,0,0,0
부산광역시,해운대구,좌동,거미줄공원,어린이공원,1804.0,0,0,0,0,0
부산광역시,해운대구,좌동,누림공원,어린이공원,3760.0,0,0,0,0,0
부산광역시,해운대구,좌동,와우공원,어린이공원,1878.6,0,0,0,0,0
부산광역시,해운대구,좌동,자유공원,어린이공원,1803.2,0,0,0,0,0
부산광역시,해운대구,좌동,직녀공원,어린이공원,1793.1,0,0,0,0,0
부산광역시,해운대구,좌동,소담공원,어린이공원,1972.0,0,0,0,0,0
부산광역시,해운대구,좌동,푸른공원,어린이공원,1806.8,0,0,0,0,0
부산광역시,해운대구,좌동,해바람공원,어린이공원,1805.6,0,0,0,0,0
부산광역시,해운대구,좌동,미리내공원,어린이공원,2502.8,0,0,0,0,0
부산광역시,해운대구,좌동,산들공원,어린이공원,2720.0,0,0,0,0,0
부산광역시,해운대구,좌동,웃음누리공원,어린이공원,3898.7,0,0,0,0,0
부산광역시,해운대구,반송동,운봉공원,어린이공원,1520.1,0,0,0,0,0
부산광역시,해운대구,반송동,꽃망울공원,어린이공원,1680.2,0,0,0,0,0
부산광역시,해운대구,우동,운촌어린이공원,어린이공원,3635.0,0,0,0,0,0
부산광역시,해운대구,반여동,아시아선수촌공원,근린공원,12997.0,0,0,0,0,0
부산광역시,해운대구,반여동,노을공원,어린이공원,1901.1,0,0,0,0,0
부산광역시,해운대구,반여동,한마음공원,어린이공원,1693.2,0,0,0,0,0
부산광역시,해운대구,반여동,반여공원,근린공원,10430.0,0,0,0,0,0
부산광역시,해운대구,반여동,바람공원,어린이공원,4575.9,0,0,0,0,0
부산광역시,해운대구,반여동,새싹공원,어린이공원,1500.0,0,0,0,0,0
부산광역시,해운대구,반여동,별바라기공원,어린이공원,5527.5,0,0,0,0,0
부산광역시,해운대구,중동,달맞이공원,근린공원,47899.0,0,0,0,0,0
부산광역시,해운대구,반송동,꽃다래공원,어린이공원,24621.0,0,0,0,0,0
부산광역시,해운대구,송정동,구덕포공원,소공원,1145.0,0,0,0,0,0
부산광역시,해운대구,반여동,꿈누리공원,어린이공원,1545.0,0,0,0,0,0
부산광역시,해운대구,반여동,가온공원,어린이공원,2007.0,0,0,0,0,0
부산광역시,해운대구,반송동,수피아공원,어린이공원,1500.0,0,0,0,0,0
부산광역시,해운대구,반송동,석대동어린이공원,어린이공원,2495.0,0,0,0,0,0
부산광역시,해운대구,반송동,석대동어린이공원,어린이공원,2338.0,0,0,0,0,0
부산광역시,해운대구,중동,소공원,소공원,928.0,0,0,0,0,0
부산광역시,해운대구,중동,소공원,소공원,2881.0,0,0,0,0,0
부산광역시,해운대구,재송동,재송소공원,소공원,8679.0,0,0,0,0,0
부산광역시,해운대구,우동,아이파크공원,어린이공원,4893.0,0,0,0,0,0
부산광역시,해운대구,우동,소공원,소공원,2914.8,0,0,0,0,0
부산광역시,해운대구,우동,소공원,소공원,2710.2,0,0,0,0,0
부산광역시,중구,영주동,중앙공원,근린공원,5020657.0,14,2,9,19,18
부산광역시,부산진구,초읍동,어린이대공원,근린공원,4947290.0,2,4,8,21,9
부산광역시,동래구,온천동,금강공원,근린공원,3096579.0,2,4,4,8,11
부산광역시,강서구,대저1동,서연정공원,소공원,646.0,1,0,0,0,6
부산광역시,강서구,명지동,명지소공원,소공원,867.0,1,0,0,0,6
부산광역시,강서구,명지동,바다공원,근린공원,10001.0,1,0,1,0,6
부산광역시,강서구,명지동,에디슨공원,어린이공원,1500.0,0,3,0,0,9
부산광역시,강서구,명지동,링컨공원,어린이공원,1500.0,0,3,0,0,8
부산광역시,강서구,명지동,늘품공원,어린이공원,1500.0,0,2,0,0,2
부산광역시,강서구,명지동,별무리공원,어린이공원,1500.0,1,1,0,0,5
부산광역시,강서구,명지동,큰나무공원,어린이공원,1500.0,0,3,0,0,2
부산광역시,강서구,명지동,맹꽁어린이공원,어린이공원,1500.0,0,2,0,0,6
부산광역시,강서구,명지동,명호어린이공원,어린이공원,1500.0,0,3,0,0,2
부산광역시,강서구,명지동,등대공원,어린이공원,1500.0,0,4,0,0,5
부산광역시,강서구,명지동,도담공원,어린이공원,1500.0,0,4,0,0,4
부산광역시,강서구,명지동,남명공원,어린이공원,1500.0,0,4,0,0,5
부산광역시,강서구,명지동,갈대성공원,어린이공원,1500.0,0,1,0,0,7
부산광역시,강서구,명지동,명지공원,근린공원,170405.0,1,0,3,0,18
부산광역시,강서구,명지동,철새탐방공원,문화공원,1344.0,0,0,0,0,3
부산광역시,강서구,송정동,희망공원,근린공원,29821.0,1,0,2,0,17
부산광역시,강서구,송정동,보람공원,근린공원,27739.0,1,0,2,0,16
부산광역시,강서구,신호동,소정공원,어린이공원,1665.0,1,2,0,0,6
부산광역시,강서구,신호동,소담공원,어린이공원,2193.0,0,1,0,0,4
부산광역시,강서구,신호동,신호공원,근린공원,60597.0,1,3,2,0,14
부산광역시,강서구,신호동,신호공원,근린공원,4868.0,0,0,0,0,0
부산광역시,강서구,지사동,가람공원,어린이공원,6825.0,1,1,0,0,10
부산광역시,강서구,지사동,지사공원(2호근린공원),근린공원,11232.0,1,1,1,0,9
부산광역시,강서구,지사동,선비공원,어린이공원,1502.0,1,5,0,0,5
부산광역시,강서구,지사동,꿈나래공원,어린이공원,1501.0,1,2,0,0,5
부산광역시,강서구,지사동,신명공원(1호근린공원),근린공원,22157.0,1,0,0,0,10
부산광역시,강서구,지사동,숲길공원,근린공원,10408.0,1,0,0,0,10
부산광역시,강서구,녹산동,웃들공원,근린공원,12211.9,1,0,1,0,4
부산광역시,강서구,명지동,물결공원,근린공원,17477.5,1,0,0,0,8
부산광역시,강서구,명지동,소리공원,근린공원,9167.4,1,0,0,0,5
부산광역시,강서구,명지동,울림공원,근린공원,65807.8,1,8,2,0,8
부산광역시,강서구,명지동,너울공원,근린공원,47009.9,1,0,2,0,7
부산광역시,강서구,명지동,나뭇잎공원,어린이공원,2189.3,1,4,0,0,4
부산광역시,강서구,명지동,큰배공원,어린이공원,1566.7,1,5,0,0,4
부산광역시,강서구,명지동,꽃게공원,어린이공원,1512.7,1,2,0,0,3
부산광역시,강서구,명지동,꿀벌공원,어린이공원,2358.1,1,4,0,0,6
부산광역시,강서구,명지동,파도공원,어린이공원,1981.2,1,2,0,0,4
부산광역시,강서구,명지동,두루미공원,소공원,295.2,0,0,0,0,2
부산광역시,동래구,명륜동,동래사적공원,근린공원,584030.0,2,0,2,1,2
부산광역시,동래구,명장동,명장공원,근린공원,127050.0,0,0,0,0,0
부산광역시,동래구,온천동,온천아파트공원,근린공원,12088.0,0,0,0,0,0
부산광역시,동래구,낙민동,수민어울공원,근린공원,11841.0,0,0,0,0,0
부산광역시,동래구,낙민동,낙민공원,근린공원,5984.7,3,1,1,0,0
부산광역시,동래구,낙민동,연안수민공원,근린공원,2418.3,0,0,0,0,0
부산광역시,동래구,온천동,온천공원,근린공원,125750.0,0,0,0,0,0
부산광역시,동래구,복천동,복천동고분군공원,역사공원,45130.0,0,0,2,1,1
부산광역시,동래구,안락동,충렬사공원,역사공원,95804.0,0,0,2,1,0
부산광역시,동래구,사직동,쇠미소공원,소공원,10824.0,0,0,0,0,0
부산광역시,동래구,명장동,명장소공원,소공원,2820.0,0,1,0,0,0
부산광역시,동래구,사직동,SWITZENPARK,소공원,666.3,0,0,0,0,0
부산광역시,동래구,온천동,온천4공원(온천2주택재개발),소공원,899.0,0,0,0,0,0
부산광역시,동래구,온천동,온천5공원(온천2주택재개발),소공원,369.0,0,0,0,0,0
부산광역시,동래구,온천동,고당공원,소공원,521.0,0,0,0,0,0
부산광역시,동래구,온천동,금산공원,소공원,407.0,0,0,0,0,0
부산광역시,동래구,사직동,한길소공원,소공원,724.6,0,0,0,0,0
부산광역시,동래구,사직동,여고소공원,소공원,2062.7,0,0,0,0,0
부산광역시,동래구,칠산동,소공원(복산1주택재개발),소공원,2848.0,0,0,0,0,0
부산광역시,동래구,복천동,소공원(복산2주택재개발),소공원,3090.0,0,0,0,0,0
부산광역시,동래구,명장동,소공원(안락1주택재건축),소공원,4044.5,0,0,0,0,0
부산광역시,동래구,안락동,소공원(안락1주택재건축),소공원,953.4,0,0,0,0,0
부산광역시,동래구,명장동,명서공원,어린이공원,972.0,0,1,0,0,0
부산광역시,동래구,명장동,세실공원,어린이공원,1152.0,0,1,0,0,0
부산광역시,동래구,안락동,안락꽃밭공원,어린이공원,1157.0,0,1,0,0,0
부산광역시,동래구,수안동,수안체육공원,어린이공원,1732.7,1,0,1,0,0
부산광역시,동래구,낙민동,연안꽃동산공원,어린이공원,728.2,0,0,0,0,0
부산광역시,동래구,온천동,온천공원,어린이공원,598.0,0,1,0,0,0
부산광역시,동래구,온천동,온천3동공원,어린이공원,657.9,0,0,0,0,0
부산광역시,동래구,온천동,미남공원,어린이공원,661.2,0,1,0,0,0
부산광역시,동래구,사직동,사직놀이공원,어린이공원,660.8,0,1,0,0,0
부산광역시,동래구,사직동,사직한밭공원,어린이공원,656.5,0,1,0,0,0
부산광역시,동래구,사직동,단비동산공원,어린이공원,658.5,0,0,0,0,0
부산광역시,동래구,안락동,안락꿈돌이공원,어린이공원,1615.2,0,1,0,0,0
부산광역시,동래구,명장동,명장한마음공원,어린이공원,1616.9,0,1,0,0,0
부산광역시,동래구,안락동,어린이공원(복산1주택재개발),어린이공원,1551.0,0,0,0,0,0
부산광역시,동래구,온천동,하늘공원(온천1공원),어린이공원,3647.0,0,0,0,0,0
부산광역시,동래구,온천동,꿈나무공원(온천2공원),어린이공원,3379.0,0,0,0,0,0
부산광역시,동래구,온천동,숲향기공원(온천3공원),어린이공원,3407.0,0,0,0,0,0
부산광역시,동래구,명장동,어린이공원(안락1주택재건축),어린이공원,1544.6,0,0,0,0,0
부산광역시,동래구,명장동,어린이공원(안락1주택재건축),어린이공원,1638.3,0,0,0,0,0
부산광역시,동래구,명장동,화현공원,어린이공원,1960.0,0,1,0,0,0
부산광역시,동래구,온천동,온새미로공원,소공원,529.6,0,0,0,0,0
부산광역시,동래구,사직동,어린이공원(사직1-6재건축),어린이공원,2660.0,0,0,0,0,0
부산광역시,서구,암남동,송도공원,근린공원,106343.8,1,1,3,1,3
부산광역시,서구,서대신동3가,중앙공원(대신공원),근린공원,2090000.0,1,0,1,1,0
부산광역시,서구,암남동,암남공원,근린공원,553277.0,1,1,2,1,1
부산광역시,서구,암남동,진정산공원,근린공원,865826.0,1,1,1,1,1
부산광역시,서구,서대신동1가,부민산공원,근린공원,205950.2,1,1,1,1,1
부산광역시,서구,서대신동3가,엄광산어린이공원,어린이공원,14835.0,1,1,2,1,2
부산광역시,서구,남부민동,어린이공원,어린이공원,403.0,1,1,1,1,1
부산광역시,서구,암남동,소공원,소공원,1957.8,1,1,1,1,1
부산광역시,서구,암남동,소공원,소공원,2148.3,1,1,1,1,1
부산광역시,서구,남부민동,톤즈공원,문화공원,1477.0,1,1,1,1,1
부산광역시,서구,암남동,두도공원,수변공원,50000.0,1,1,1,1,1
부산광역시,사하구,다대동,근린공원,근린공원,21366.0,0,0,0,0,0
부산광역시,사하구,다대동,아미산자생식물원,근린공원,28350.2,0,0,0,0,0
부산광역시,사하구,신평동,신평레포츠공원,체육공원,13223.1,0,0,0,0,0
부산광역시,사하구,당리동,당리공원,근린공원,103400.0,0,0,0,0,0
부산광역시,사하구,다대동,거북섬유원지,기타,355000.0,0,0,0,0,0
부산광역시,사하구,구평동,씨앗공원,어린이공원,1802.2,0,0,0,0,0
부산광역시,사하구,구평동,풀꽃공원,어린이공원,1502.6,0,0,0,0,0
부산광역시,사하구,구평동,열매공원,어린이공원,1657.3,0,0,0,0,0
부산광역시,사하구,감천동,진정산공원,근린공원,70618.0,0,0,0,0,0
부산광역시,사하구,다대동,통일아시아드공원,근린공원,9915.3,0,0,0,0,0
부산광역시,사하구,당리동,희망공원,어린이공원,989.3,0,0,0,0,0
부산광역시,사하구,감천동,해찬나래공원,어린이공원,4422.0,0,0,0,0,0
부산광역시,사하구,다대동,홍티문화공원,문화공원,6787.0,0,0,0,0,0
부산광역시,사하구,다대동,아미산전망대공원,근린공원,10254.6,0,0,0,0,0
부산광역시,사하구,괴정동,부민산공원,근린공원,9899.8,0,0,0,0,0
부산광역시,사하구,괴정동,회화나무샘터공원,소공원,1300.0,0,0,0,0,0
부산광역시,사하구,다대동,다대가로공원,기타,4650.0,0,0,0,0,0
부산광역시,사하구,하단동,에덴유원지,기타,72712.0,0,0,0,0,0
부산광역시,사하구,다대동,초롱공원,어린이공원,1504.3,0,0,0,0,0
부산광역시,사하구,다대동,다대생태문화공원,문화공원,2338.0,0,0,0,0,0
부산광역시,사하구,다대동,다대포해변공원,수변공원,155483.0,0,0,0,0,0
부산광역시,사하구,구평동,구평뜰공원,소공원,605.0,0,0,0,0,0
부산광역시,사하구,감천동,안골새공원,소공원,1368.0,0,0,0,0,0
부산광역시,사하구,감천동,팽나무공원,소공원,558.0,0,0,0,0,0
부산광역시,사하구,괴정동,소공원,소공원,6000.0,0,0,0,0,0
부산광역시,사하구,괴정동,소공원,소공원,523.0,0,0,0,0,0
부산광역시,사하구,괴정동,소공원,소공원,1060.0,0,0,0,0,0
부산광역시,사하구,감천동,느티나무공원,소공원,1400.0,0,0,0,0,0
부산광역시,사하구,괴정동,어린이공원,어린이공원,2735.0,0,0,0,0,0
부산광역시,사하구,신평동,어린이공원,어린이공원,2768.0,0,0,0,0,0
부산광역시,사하구,구평동,구평근린공원,근린공원,12291.8,0,0,0,0,0
부산광역시,사하구,감천동,도시농업공원,도시농업공원,50417.0,0,0,0,0,0
부산광역시,수영구,망미동,강변공원,어린이공원,1316.0,0,0,0,0,0
부산광역시,수영구,망미동,과정공원,어린이공원,631.0,0,0,0,0,0
부산광역시,수영구,광안동,파랑새공원,어린이공원,827.7,0,0,0,0,0
부산광역시,수영구,수영동,수영공원,근린공원,23284.0,0,0,0,0,0
부산광역시,수영구,망미동,햇살공원,어린이공원,633.0,0,0,0,0,0
부산광역시,수영구,광안동,광안공원,근린공원,65280.0,0,0,0,0,0
부산광역시,수영구,민락동,널구지공원,어린이공원,1500.0,0,0,0,0,0
부산광역시,수영구,민락동,수변공원,어린이공원,4189.0,0,0,0,0,0
부산광역시,수영구,광안동,호암공원,근린공원,5048.0,0,0,0,0,0
부산광역시,수영구,망미동,망미공원,근린공원,7789.0,0,0,0,0,0
부산광역시,수영구,망미동,망미공원,어린이공원,2226.0,0,0,0,0,0
부산광역시,수영구,남천동,늘푸른공원,어린이공원,2045.0,0,0,0,0,0
부산광역시,수영구,민락동,백산어린이공원,어린이공원,2535.0,0,0,0,0,0
부산광역시,수영구,광안동,광안1동소공원,소공원,22.0,0,0,0,0,0
부산광역시,사상구,모라동,모라어울림공원,어린이공원,1558.0,0,1,0,0,1
부산광역시,사상구,모라동,야시곡공원,어린이공원,2424.0,0,1,0,0,1
부산광역시,사상구,모라동,곡상골공원,어린이공원,830.0,0,1,0,0,1
부산광역시,사상구,모라동,고동바위공원,어린이공원,1684.0,0,1,0,0,1
부산광역시,사상구,모라동,운수공원,어린이공원,1536.0,1,1,0,0,1
부산광역시,사상구,모라동,모라백양공원,어린이공원,2404.0,1,1,0,0,1
부산광역시,사상구,모라동,서당골공원,어린이공원,6092.0,1,1,0,0,1
부산광역시,사상구,덕포동,덕포공원,어린이공원,1670.0,0,1,0,0,1
부산광역시,사상구,덕포동,덕포체육공원,어린이공원,4574.0,1,1,0,0,1
부산광역시,사상구,덕포동,덕포백양공원,어린이공원,1602.0,0,1,0,0,1
부산광역시,사상구,괘법동,창날공원,어린이공원,1690.0,0,1,0,0,1
부산광역시,사상구,주례동,창신공원,어린이공원,1507.0,1,1,0,0,1
부산광역시,사상구,주례동,양지1공원,어린이공원,2298.0,1,1,0,0,1
부산광역시,사상구,주례동,양지2공원,어린이공원,2261.0,0,1,0,0,1
부산광역시,사상구,주례동,주례백양공원,어린이공원,1500.0,1,1,0,0,1
부산광역시,사상구,주례동,다솜공원,어린이공원,452.0,0,1,0,0,1
부산광역시,사상구,주례동,새싹공원,어린이공원,208.0,0,1,0,0,1
부산광역시,사상구,학장동,구덕공원,어린이공원,2337.0,0,1,0,0,1
부산광역시,사상구,학장동,구학공원,어린이공원,3213.0,0,1,0,0,1
부산광역시,사상구,엄궁동,장밭갓공원,어린이공원,3883.0,0,1,0,0,1
부산광역시,사상구,엄궁동,절골공원,어린이공원,2047.0,0,1,0,0,1
부산광역시,사상구,엄궁동,다온공원,어린이공원,1532.0,0,1,0,0,1
부산광역시,사상구,엄궁동,보듬공원,어린이공원,1500.0,0,1,0,0,1
부산광역시,사상구,엄궁동,도담공원,어린이공원,2305.0,0,1,0,0,1
부산광역시,사상구,엄궁동,나라어린이공원,어린이공원,2770.0,0,1,0,0,1
부산광역시,사상구,괘법동,사상공원,근린공원,622916.0,0,1,0,0,1
부산광역시,사상구,엄궁동,해름소공원,소공원,835.0,0,0,0,0,1
부산광역시,사상구,모라동,모라벤처타워공원,소공원,735.8,0,0,0,0,1
부산광역시,사상구,주례동,주감공원,소공원,1250.0,0,0,0,0,1
부산광역시,사상구,덕포동,문화공원,문화공원,3160.0,0,0,0,0,0
